<root>

  <corpus>
    <metadata>
    </metadata>
<text Faculty="Arts" Semester="1" Age="none" Time_spent_at_an_EnglishSpeaking_country="none" Topic="none" Title="..........">
<corpus><word pos="PRP">In </word><word pos="DPS">my </word><word pos="AJ0">free </word><word pos="NN1">time </word><word pos="PNP">I </word><word pos="VVB">like </word><word pos="TO0">to </word><word pos="VVI">visit </word><word pos="PRP">in </word><word pos="DPS">my </word><word pos="NN2">relatives </word><word pos="PNP">I </word><word pos="VVB">like </word><word pos="VVG">waching </word><word pos="NN1">TV </word><word pos="CJC">and </word><word pos="VVG">reading </word><word pos="PNP">I </word><word pos="VDB">do </word><word pos="XX0">n't </word><word pos="VVI">like </word><word pos="VVG">cooking </word><word pos="CJC">and </word><word pos="VVG">swimming </word><word pos="PNP">I </word><word pos="AV0">usually </word><word pos="TO0">to </word><word pos="VVI">go </word><word pos="AT0">the </word><word pos="NN1">park </word></corpus>

</text>
  </corpus>
  
</root>