<root>

  <corpus>
    <metadata>
    </metadata>
<text Faculty="Arts" Semester="1" Age="18" Time_spent_at_an_EnglishSpeaking_country="none" Topic="Animals " Title="Animals">
<corpus><word pos="EX0">There </word><word pos="VBB">are </word><word pos="DT0">many </word><word pos="NN2">animals </word><word pos="AT0">The </word><word pos="NN1">elephant </word><word pos="VBZ">is </word><word pos="AJ0">large </word><word pos="NN2">animals </word><word pos="AT0">The </word><word pos="NN1">rabbit </word><word pos="VBZ">is </word><word pos="AJ0">small </word><word pos="NN1">animal </word><word pos="PUN">, </word><word pos="PNP">it </word><word pos="VHZ">has </word><word pos="CRD">four </word><word pos="NN2">legs </word><word pos="CJC">and </word><word pos="CRD">two </word><word pos="NN2">ears </word><word pos="PUN">. </word></corpus>

</text>
  </corpus>
  
</root>