<root>

  <corpus>
    <metadata>
    </metadata>
<text Faculty="Arts" Semester="1" Age="19" Time_spent_at_an_EnglishSpeaking_country="none" Topic="Family " Title="Family">
<corpus><word pos="DPS">My </word><word pos="NN1">family </word><word pos="VBZ">is </word><word pos="AV0">very </word><word pos="AJ0">big </word><word pos="PUN">. </word><word pos="PNP">I </word><word pos="VHB">have </word><word pos="CRD">six </word><word pos="NN2">sisters </word><word pos="CJC">and </word><word pos="CRD">two </word><word pos="NN1">brother </word><word pos="PUN">, </word><word pos="PNP">them </word><word pos="VBB">are </word><word pos="AV0">very </word><word pos="AJ0">calm </word><word pos="CJC">and </word><word pos="AV0">so </word><word pos="AJ0">noisy </word><word pos="PNP">I </word><word pos="VDB">do </word><word pos="XX0">n't </word><word pos="VVI">know </word><word pos="AVQ">how </word><word pos="VVB">describe </word><word pos="PNP">them </word><word pos="PUN">. </word><word pos="CJC">But </word><word pos="PNP">I </word><word pos="VVB">love </word><word pos="PNP">them </word><word pos="PUN">, </word><word pos="CJC">and </word><word pos="DPS">my </word><word pos="NN1">love </word><word pos="PRP">for </word><word pos="PNP">them </word><word pos="VBZ">is </word><word pos="AT0">a </word><word pos="NN1">lot </word><word pos="PRF">of </word><word pos="AT0">every </word><word pos="NN1">day </word><word pos="PUN">. </word><word pos="CJS">When </word><word pos="PNP">I </word><word pos="AJ0">sad </word><word pos="PNP">them </word><word pos="PNP">they </word><word pos="VBB">are </word><word pos="AJ0">noisy </word><word pos="PRP">to </word><word pos="PNP">me </word><word pos="PNP">I </word><word pos="AV0">very </word><word pos="AJ0">sad </word><word pos="PRP">for </word><word pos="PNP">it </word><word pos="PUN">, </word><word pos="CJC">but </word><word pos="AVQ">when </word><word pos="PNP">I </word><word pos="VVB">remember </word><word pos="PNP">it </word><word pos="PNP">I </word><word pos="VVB">start </word><word pos="TO0">to </word><word pos="VVI">laugh </word><word pos="PUN">. </word></corpus>

</text>
  </corpus>
  
</root>