<?xml version='1.0' encoding='utf-8'?>
<root>
  <corpus>
    <text>
      <metadata>
        <Faculty>Arts</Faculty>
        <Semester>2</Semester>
        <Age>none</Age>
        <Time_spent_at_an_EnglishSpeaking_country>none</Time_spent_at_an_EnglishSpeaking_country>
        <Topic>A special place</Topic>
        <Title>Rome/ A special place</Title>
        </metadata>
      <body>
        <word pos="NP0">Rome</word>
        <word pos="AT0">the</word>
        <word pos="NN1">capital</word>
        <word pos="PRF">of</word>
        <word pos="NP0">Italy</word>
        <word pos="PUN">,</word>
        <word pos="CJC">and</word>
        <word pos="PNP">it</word>
        <word pos="VBZ">is</word>
        <word pos="CRD">one</word>
        <word pos="PRF">of</word>
        <word pos="AT0">the</word>
        <word pos="AV0">most</word>
        <word pos="AJ0">beautiful</word>
        <word pos="NN2">places</word>
        <word pos="TO0">to</word>
        <word pos="VVI">visit</word>
        <word pos="PUN">,</word>
        <word pos="PNP">I</word>
        <word pos="VVB">love</word>
        <word pos="VVI">travel</word>
        <word pos="PRP">to</word>
        <word pos="NP0">Italy</word>
        <word pos="CJS">because</word>
        <word pos="PNP">it</word>
        <word pos="VBZ">is</word>
        <word pos="VVN">characterized</word>
        <word pos="PRP">by</word>
        <word pos="NN1">history</word>
        <word pos="CJC">and</word>
        <word pos="AJ0">old</word>
        <word pos="NN2">buildings</word>
        <word pos="PUN">,</word>
        <word pos="CJC">and</word>
        <word pos="AJ0">modern</word>
        <word pos="PUN">.</word>
        <word pos="AT0">The</word>
        <word pos="NN1">food</word>
        <word pos="PRP">in</word>
        <word pos="NP0">Italy</word>
        <word pos="VBZ">is</word>
        <word pos="AV0">very</word>
        <word pos="AJ0">tasty</word>
        <word pos="PUN">,</word>
        <word pos="PNP">it</word>
        <word pos="VBZ">is</word>
        <word pos="CRD">one</word>
        <word pos="PRF">of</word>
        <word pos="AT0">the</word>
        <word pos="AJS">best</word>
        <word pos="NN2">foods</word>
        <word pos="PRP">in</word>
        <word pos="AT0">the</word>
        <word pos="NN1">world</word>
        <word pos="PUN">.</word>
        </body>
      </text>
    </corpus>
  </root>
