<?xml version='1.0' encoding='utf-8'?>
<root>
  <corpus>
    <text>
      <metadata>
        <Faculty>Arts</Faculty>
        <Semester>2</Semester>
        <Age>none</Age>
        <Time_spent_at_an_EnglishSpeaking_country>none</Time_spent_at_an_EnglishSpeaking_country>
        <Topic>A strangge experience/ Your best memory</Topic>
        <Title>A strange exprience/ My best memory</Title>
        </metadata>
      <body>
        <word pos="AT0">The</word>
        <word pos="NN1">experience</word>
        <word pos="PRF">of</word>
        <word pos="VVG">walking</word>
        <word pos="AV0">underground</word>
        <word pos="PRP">in</word>
        <word pos="AT0">the</word>
        <word pos="NN1">mountain</word>
        <word pos="PRP">in</word>
        <word pos="NN1">south</word>
        <word pos="PRF">of</word>
        <word pos="NP0">Tripoli</word>
        <word pos="PUN">,</word>
        <word pos="AJ0">special</word>
        <word pos="PRP">in</word>
        <word pos="AT0">the</word>
        <word pos="NN1">Yefran</word>
        <word pos="NN1">city</word>
        <word pos="PUN">.</word>
        <word pos="PNP">I</word>
        <word pos="VVD">walked</word>
        <word pos="PRP">with</word>
        <word pos="DPS">my</word>
        <word pos="NN1">friend</word>
        <word pos="PRP">into</word>
        <word pos="AT0">a</word>
        <word pos="AJ0">dark</word>
        <word pos="NN1">cave</word>
        <word pos="PRP">for</word>
        <word pos="AT0">a</word>
        <word pos="CRD">two</word>
        <word pos="NN2">hours</word>
        <word pos="CJC">and</word>
        <word pos="AV0">finally</word>
        <word pos="PUN">,</word>
        <word pos="PNP">we</word>
        <word pos="AVP">out</word>
        <word pos="PRP">in</word>
        <word pos="AT0">the</word>
        <word pos="AJ0">other</word>
        <word pos="NN1">side</word>
        <word pos="PUN">.</word>
        <word pos="DPS">My</word>
        <word pos="AJS">best</word>
        <word pos="NN1">memory</word>
        <word pos="CJS">when</word>
        <word pos="PNP">I</word>
        <word pos="VHB">have</word>
        <word pos="AT0">a</word>
        <word pos="NN1">picnic</word>
        <word pos="PRP">with</word>
        <word pos="DPS">my</word>
        <word pos="NN2">friends</word>
        <word pos="PRP">on</word>
        <word pos="AT0">the</word>
        <word pos="NN1">sea</word>
        <word pos="PRP">from</word>
        <word pos="NN1">morning</word>
        <word pos="PRP">to</word>
        <word pos="NN1">night</word>
        <word pos="PUN">.</word>
        <word pos="PNP">it</word>
        <word pos="VBD">was</word>
        <word pos="AV0">very</word>
        <word pos="AJ0">nice</word>
        <word pos="NN1">picnic</word>
        <word pos="PUN">.</word>
        </body>
      </text>
    </corpus>
  </root>
