<root>

  <corpus>
    <metadata>
    </metadata>
<text Faculty="Education" Semester="1" Age="19" Time_spent_at_an_EnglishSpeaking_country="X" Topic="My Family" Title="My family">
<corpus><word pos="DPS">My </word><word pos="NN1">family </word><word pos="VBZ">is </word><word pos="AJ0">big </word><word pos="VHB">have </word><word pos="CRD">four 
</word><word pos="NN1">sister </word><word pos="CJC">and </word><word pos="CRD">six </word><word pos="NN1">brother </word><word pos="DPS">My </word><word pos="NN1">father </word><word pos="VVB">work </word><word pos="NN1">teacher </word><word pos="PRP">in </word><word pos="NN1">Subject </word><word pos="NN1">science </word><word pos="DPS">My </word><word pos="NN1">mother </word><word pos="VVB">work </word><word pos="NN1">housewife </word><word pos="PUN">, </word><word pos="DPS">my </word><word pos="NN1">brother </word><word pos="VVB">work </word><word pos="NN1">butcher </word><word pos="NN1">shop </word><word pos="PUN">, </word><word pos="PNP">I </word><word pos="VHB">have </word><word pos="AJ0">married </word><word pos="NN1">sister </word><word pos="CJC">and </word><word pos="AT0">the </word><word pos="NN1">rest </word><word pos="PRF">of </word><word pos="DPS">my </word><word pos="NN2">brothers </word><word pos="VBB">are </word><word pos="AJ0">young </word><word pos="PUN">. </word><word pos="PNP">I </word><word pos="VBB">am </word><word pos="PRP">with </word><word pos="DPS">my </word><word pos="NN1">family </word><word pos="PUN">, </word><word pos="PNP">I </word><word pos="VVB">feel </word><word pos="AJ0">safe </word><word pos="PUN">. </word></corpus>

</text>
  </corpus>
  
</root>