<?xml version='1.0' encoding='utf-8'?>
<root>
  <corpus>
    <text>
      <metadata>
        <Faculty>Education</Faculty>
        <Semester>1</Semester>
        <Age>19</Age>
        <Time_spent_at_an_EnglishSpeaking_country>X</Time_spent_at_an_EnglishSpeaking_country>
        <Topic>My Family</Topic>
        <Title>My Family</Title>
        </metadata>
      <body>
        <word pos="PNP">I</word>
        <word pos="VBB">am</word>
        <word pos="NP0">Salwa</word>
        <word pos="CJC">and</word>
        <word pos="PNP">I</word>
        <word pos="VVB">live</word>
        <word pos="PRP">with</word>
        <word pos="DPS">my</word>
        <word pos="NN1">family</word>
        <word pos="PRP">in</word>
        <word pos="NP0">Zliten</word>
        <word pos="PUN">,</word>
        <word pos="NP0">Souq</word>
        <word pos="NP0">Athulith</word>
        <word pos="PUN">.</word>
        <word pos="PNP">I</word>
        <word pos="VHB">have</word>
        <word pos="CRD">four</word>
        <word pos="NN2">sisters</word>
        <word pos="CJC">and</word>
        <word pos="CRD">four</word>
        <word pos="NN2">brothers</word>
        <word pos="PUN">.</word>
        <word pos="DPS">My</word>
        <word pos="NN1">father</word>
        <word pos="VVD">died</word>
        <word pos="CRD">three</word>
        <word pos="NN2">years</word>
        <word pos="AV0">ago</word>
        <word pos="CJC">and</word>
        <word pos="DPS">my</word>
        <word pos="NN1">mother</word>
        <word pos="VBZ">is</word>
        <word pos="AT0">a</word>
        <word pos="NN1">housewife</word>
        <word pos="PUN">.</word>
        <word pos="DPS">My</word>
        <word pos="AJC">older</word>
        <word pos="NN1">brother</word>
        <word pos="VVZ">works</word>
        <word pos="AT0">an</word>
        <word pos="NN1">accountant</word>
        <word pos="CJC">and</word>
        <word pos="DPS">my</word>
        <word pos="ORD">second</word>
        <word pos="NN1">brother</word>
        <word pos="VVZ">studies</word>
        <word pos="NN1">law</word>
        <word pos="PUN">.</word>
        </body>
      </text>
    </corpus>
  </root>
