<?xml version='1.0' encoding='utf-8'?>
<root>
  <corpus>
    <text>
      <metadata>
        <Faculty>Education</Faculty>
        <Semester>1</Semester>
        <Age>19</Age>
        <Time_spent_at_an_EnglishSpeaking_country>X</Time_spent_at_an_EnglishSpeaking_country>
        <Topic>My Family</Topic>
        <Title>My Family</Title>
        </metadata>
      <body>
        <word pos="DPS">My</word>
        <word pos="NN1">name</word>
        <word pos="VBZ">is</word>
        <word pos="NP0">Mona</word>
        <word pos="PUN">,</word>
        <word pos="PNP">I</word>
        <word pos="VVZ">lives</word>
        <word pos="PRP">in</word>
        <word pos="AT0">a</word>
        <word pos="AJ0">big</word>
        <word pos="NN1">house</word>
        <word pos="PRP">with</word>
        <word pos="DPS">my</word>
        <word pos="NN1">family</word>
        <word pos="CJC">and</word>
        <word pos="PNP">I</word>
        <word pos="VHB">have</word>
        <word pos="CRD">two</word>
        <word pos="NN2">brothers</word>
        <word pos="CRD">four</word>
        <word pos="NN2">sisters</word>
        <word pos="CJC">and</word>
        <word pos="DPS">My</word>
        <word pos="NN1">father</word>
        <word pos="VBZ">is</word>
        <word pos="AT0">a</word>
        <word pos="NN1">doctor</word>
        <word pos="CJC">And</word>
        <word pos="DPS">my</word>
        <word pos="NN1">mother</word>
        <word pos="VBZ">is</word>
        <word pos="AT0">a</word>
        <word pos="NN1">housewife</word>
        <word pos="PUN">,</word>
        <word pos="CJS">so</word>
        <word pos="EX0">there</word>
        <word pos="VBZ">is</word>
        <word pos="CRD">four</word>
        <word pos="NN2">rooms</word>
        <word pos="CJC">and</word>
        <word pos="AT0">a</word>
        <word pos="NN1">garden</word>
        <word pos="PUN">.</word>
        </body>
      </text>
    </corpus>
  </root>
