<root>

  <corpus>
    <metadata>
    </metadata>
<text Faculty="Education" Semester="1" Age="19" Time_spent_at_an_EnglishSpeaking_country="X" Topic="My Family" Title="My Family">
<corpus><word pos="DPS">My </word><word pos="NN1">name </word><word pos="VBZ">is </word><word pos="NP0">Mona </word><word pos="PUN">, </word><word pos="PNP">I </word><word pos="VVZ">lives </word><word pos="PRP">in </word><word pos="AT0">a </word><word pos="AJ0">big </word><word pos="NN1">house </word><word pos="PRP">with </word><word pos="DPS">my </word><word pos="NN1">family </word><word pos="CJC">and </word><word pos="PNP">I </word><word pos="VHB">have </word><word pos="CRD">two </word><word pos="NN2">brothers </word><word pos="CRD">four </word><word pos="NN2">sisters </word><word pos="CJC">and </word><word pos="DPS">My </word><word pos="NN1">father </word><word pos="VBZ">is </word><word pos="AT0">a </word><word pos="NN1">doctor </word><word pos="CJC">And </word><word pos="DPS">my </word><word pos="NN1">mother </word><word pos="VBZ">is </word><word pos="AT0">a </word><word pos="NN1">housewife </word><word pos="PUN">, </word><word pos="CJS">so </word><word pos="EX0">there </word><word pos="VBZ">is </word><word pos="CRD">four </word><word pos="NN2">rooms </word><word pos="CJC">and </word><word pos="AT0">a </word><word pos="NN1">garden </word><word pos="PUN">. </word></corpus>

</text>
  </corpus>
  
</root>