<root>

  <corpus>
    <metadata>
    </metadata>
<text Faculty="Education" Semester="1" Age="19" Time_spent_at_an_EnglishSpeaking_country="X" Topic="An interesting place" Title="An interesting place">
<corpus><word pos="DPS">my </word><word pos="AJ0">interesting </word><word pos="NN1">place </word><word pos="VBZ">is </word><word pos="DPS">our </word><word pos="NN1">college </word><word pos="PUN">: </word><word pos="PUN">. </word><word pos="PNP">I </word><word pos="VVB">like </word><word pos="DT0">this </word><word pos="NN1">place </word><word pos="CJS">because </word><word pos="PNP">it </word><word pos="VBZ">is </word><word pos="AV0">very </word><word pos="AJ0">interesting </word></corpus>

</text>
  </corpus>
  
</root>