<root>

  <corpus>
    <metadata>
    </metadata>
<text Faculty="Education" Semester="1" Age="19" Time_spent_at_an_EnglishSpeaking_country="X" Topic="An interesting place" Title="An interesting place">
<corpus><word pos="DPS">My </word><word pos="AJ0">interesting </word><word pos="NN1">place </word><word pos="VBZ">is </word><word pos="DPS">our </word><word pos="NN1">hotel </word><word pos="PUN">. </word><word pos="PNP">I </word><word pos="VVD">went </word><word pos="PRP">to </word><word pos="AT0">the </word><word pos="NN1">hotel </word><word pos="ORD">last </word><word pos="NN1">year </word><word pos="TO0">to </word><word pos="NN1">celebration </word><word pos="PRF">of </word><word pos="DPS">my </word><word pos="ORD">twentieth </word><word pos="NN1">birthday </word><word pos="PRP">with </word><word pos="DPS">my </word><word pos="NN1">family </word><word 
pos="CJC">and </word><word pos="DPS">my </word><word pos="NN2">friends </word><word pos="PUN">. </word><word pos="PNP">It </word><word pos="VBD">was </word><word pos="AT0">a </word><word pos="AV0">very </word><word pos="AJ0">fun </word><word pos="NN1">day </word><word pos="PUN">, </word><word pos="CJC">and </word><word pos="AT0">the </word><word pos="NN1">place </word><word pos="VBD">was </word><word pos="AJ0">clean </word><word pos="PUN">, </word><word pos="CJC">and </word><word pos="AJ0">beautiful </word><word pos="PUN">. </word><word pos="PNP">It </word><word pos="VVD">contained </word><word pos="NN2">flowers </word><word pos="PUN">. </word><word pos="PNP">I </word><word pos="VVB">feel </word><word pos="AJ0">happy </word><word pos="CJS">when </word><word pos="PNP">I </word><word pos="VVB">come </word><word pos="PRP">to </word><word pos="DT0">this </word><word pos="NN1">place </word><word pos="PUN">. </word></corpus>

</text>
  </corpus>
  
</root>