<root>

  <corpus>
    <metadata>
    </metadata>
<text Faculty="Education" Semester="1" Age="19" Time_spent_at_an_EnglishSpeaking_country="X" Topic="An interesting place" Title="..........">
<corpus><word pos="DPS">My </word><word pos="AJ0">favorite </word><word pos="NN1">place </word><word pos="VBZ">is </word><word pos="PRP">in </word><word pos="AT0">the </word><word pos="NN1">beach </word><word pos="PUN">. </word><word pos="PNP">I </word><word pos="VVB">like </word><word pos="TO0">to </word><word pos="VVI">go </word><word pos="PRP">to </word><word pos="AT0">the </word><word pos="NN1">beach </word><word pos="AVQ">whenever </word><word pos="PNP">I </word><word pos="VHB">have </word><word pos="AJ0">free </word><word pos="NN1">time </word><word pos="PUN">. </word><word pos="PNP">I </word><word pos="PNP">it </word><word pos="VBZ">is </word><word 
pos="DPS">my </word><word pos="AJ0">favorite </word><word pos="NN1">place </word><word pos="TO0">to </word><word pos="VVI">enjoy </word><word pos="DPS">my </word><word pos="NN1">time </word><word pos="AV0">there </word><word pos="PUN">. </word><word pos="PNP">I </word><word pos="VVB">go </word><word pos="AV0">there </word><word pos="PRP">with </word><word pos="NN2">friends </word><word pos="CJC">and </word><word pos="PRP">with </word><word pos="DPS">my </word><word pos="NN1">family </word><word pos="CJC">and </word><word pos="PNP">we </word><word pos="DT0">all </word><word pos="VHB">have </word><word pos="AT0">a </word><word pos="AJ0">good </word><word pos="NN1">time </word><word pos="AV0">there </word><word pos="PUN">. </word></corpus>

</text>
  </corpus>
  
</root>