<?xml version='1.0' encoding='utf-8'?>
<root>
  <corpus>
    <text>
      <metadata>
        <Faculty>Education</Faculty>
        <Semester>1</Semester>
        <Age>19</Age>
        <Time_spent_at_an_EnglishSpeaking_country>X</Time_spent_at_an_EnglishSpeaking_country>
        <Topic>An interesting place</Topic>
        <Title>An interesting place</Title>
        </metadata>
      <body>
        <word pos="DPS">my</word>
        <word pos="AJ0">interesting</word>
        <word pos="NN1">place</word>
        <word pos="VBZ">is</word>
        <word pos="DPS">our</word>
        <word pos="NN1">college</word>
        <word pos="PUN">:</word>
        <word pos="PUN">.</word>
        <word pos="PNP">I</word>
        <word pos="VVB">like</word>
        <word pos="DT0">this</word>
        <word pos="NN1">place</word>
        <word pos="CJS">because</word>
        <word pos="PNP">it</word>
        <word pos="VBZ">is</word>
        <word pos="AV0">very</word>
        <word pos="AJ0">interesting</word>
        </body>
      </text>
    </corpus>
  </root>
