<?xml version='1.0' encoding='utf-8'?>
<root>
  <corpus>
    <text>
      <metadata>
        <Faculty>Education</Faculty>
        <Semester>1</Semester>
        <Age>19</Age>
        <Time_spent_at_an_EnglishSpeaking_country>X</Time_spent_at_an_EnglishSpeaking_country>
        <Topic>My Family</Topic>
        <Title>..........</Title>
        </metadata>
      <body>
        <word pos="DPS">My</word>
        <word pos="NN1">name</word>
        <word pos="VBZ">is</word>
        <word pos="NP0">Manar</word>
        <word pos="PUN">.</word>
        <word pos="PNP">I</word>
        <word pos="VHB">have</word>
        <word pos="CRD">three</word>
        <word pos="NN2">sisters</word>
        <word pos="CJC">and</word>
        <word pos="CRD">one</word>
        <word pos="NN1">brother</word>
        <word pos="CJC">and</word>
        <word pos="DPS">my</word>
        <word pos="NN1">mother</word>
        <word pos="VVZ">works</word>
        <word pos="PRP">as</word>
        <word pos="AT0">an</word>
        <word pos="NN1">administrator</word>
        <word pos="CJC">and</word>
        <word pos="DPS">my</word>
        <word pos="NN1">father</word>
        <word pos="VVZ">works</word>
        <word pos="PRP">as</word>
        <word pos="AT0">a</word>
        <word pos="NN1">driver</word>
        </body>
      </text>
    </corpus>
  </root>
