<root>

  <corpus>
    <metadata>
    </metadata>
<text Faculty="Education" Semester="1" Age="19" Time_spent_at_an_EnglishSpeaking_country="X" Topic="My Family" Title="My family">
<corpus><word pos="PNP">I </word><word pos="VBB">am </word><word pos="NP0">Wesal </word><word pos="PUN">. </word><word pos="PNP">I </word><word pos="VBB">'m </word><word pos="PRP">from </word><word pos="NP0">Libya </word><word pos="PUN">. </word><word pos="PNP">I </word><word pos="VVB">live </word><word pos="PRP">in </word><word pos="NP0">Zliten </word><word pos="PUN">. </word><word pos="PNP">I </word><word pos="VHB">have </word><word pos="DPS">my </word><word pos="NN1">family </word><word pos="PUN">. </word><word pos="PNP">we </word><word pos="VBB">are </word><word pos="NN1">family </word><word pos="PNP">it </word><word pos="VVZ">consists </word><word pos="PRF">of </word><word pos="DPS">my </word><word pos="NN1">father </word><word pos="CJC">and </word><word pos="DPS">my </word><word pos="NN1">mother </word><word pos="CJC">and </word><word pos="CRD">three </word><word pos="NN2">sisters </word><word pos="CJC">and </word><word pos="CRD">four </word><word pos="NN2">brothers </word><word pos="PUN">, </word><word pos="PNP">we </word><word pos="VHB">have </word><word pos="AT0">a </word><word pos="NN1">house </word><word pos="PRP">with </word><word pos="AT0">a </word><word pos="AJ0">beautiful </word><word pos="NN1">garden </word><word pos="NN2">trees </word><word pos="CJC">and </word><word pos="AJ0">beautiful </word><word pos="NN2">flowers </word><word pos="PUN">. </word></corpus>

</text>
  </corpus>
  
</root>