<?xml version='1.0' encoding='utf-8'?>
<root>
  <corpus>
    <text>
      <metadata>
        <Faculty>Education</Faculty>
        <Semester>1</Semester>
        <Age>19</Age>
        <Time_spent_at_an_EnglishSpeaking_country>X</Time_spent_at_an_EnglishSpeaking_country>
        <Topic>My Family</Topic>
        <Title>My family</Title>
        </metadata>
      <body>
        <word pos="DPS">My</word>
        <word pos="NN1">name</word>
        <word pos="VBZ">is</word>
        <word pos="NP0">Aisha</word>
        <word pos="PNP">I</word>
        <word pos="VVZ">lives</word>
        <word pos="PRP">in</word>
        <word pos="NN2">cribs</word>
        <word pos="NN1">number</word>
        <word pos="PNP">it</word>
        <word pos="CRD">ten</word>
        <word pos="NN2">persons</word>
        <word pos="CJC">and</word>
        <word pos="PNP">I</word>
        <word pos="VHB">have</word>
        <word pos="CRD">four</word>
        <word pos="NN2">brothers</word>
        <word pos="CJC">and</word>
        <word pos="CRD">three</word>
        <word pos="NN2">sisters</word>
        <word pos="CJS">so</word>
        <word pos="PNP">we</word>
        <word pos="VVB">live</word>
        <word pos="PRP">in</word>
        <word pos="AJ0">big</word>
        <word pos="NN1">house</word>
        <word pos="AV0">in</word>
        <word pos="AV0">addition</word>
        <word pos="AT0">the</word>
        <word pos="NN1">garden</word>
        <word pos="PRP">behind</word>
        <word pos="NN1">home</word>
        <word pos="PUN">.</word>
        <word pos="PNP">I</word>
        <word pos="VBB">am</word>
        <word pos="VVN">born</word>
        <word pos="PRP">in</word>
        <word pos="NP0">Zliten</word>
        <word pos="CJC">and</word>
        <word pos="AV0">now</word>
        <word pos="PNP">I</word>
        <word pos="VVB">study</word>
        <word pos="PRP">in</word>
        <word pos="NN1">college</word>
        <word pos="PRF">of</word>
        <word pos="NN1">Education</word>
        <word pos="PUN">.</word>
        </body>
      </text>
    </corpus>
  </root>
