<?xml version='1.0' encoding='utf-8'?>
<root>
  <corpus>
    <text>
      <metadata>
        <Faculty>Education</Faculty>
        <Semester>1</Semester>
        <Age>19</Age>
        <Time_spent_at_an_EnglishSpeaking_country>X</Time_spent_at_an_EnglishSpeaking_country>
        <Topic>My Family</Topic>
        <Title>My family</Title>
        </metadata>
      <body>
        <word pos="ITJ">Hi</word>
        <word pos="DPS">my</word>
        <word pos="NN1">name</word>
        <word pos="VBZ">is</word>
        <word pos="NP0">Fatima</word>
        <word pos="NP0">AlZahraa</word>
        <word pos="PUN">.</word>
        <word pos="PNP">I</word>
        <word pos="VHB">have</word>
        <word pos="CRD">three</word>
        <word pos="NN2">brothers</word>
        <word pos="CJC">and</word>
        <word pos="CRD">one</word>
        <word pos="NN1">sister</word>
        <word pos="PUN">,</word>
        <word pos="DPS">my</word>
        <word pos="NN1">father</word>
        <word pos="VVB">work</word>
        <word pos="PRP">in</word>
        <word pos="AT0">a</word>
        <word pos="NN1">businessman</word>
        <word pos="CJC">and</word>
        <word pos="PNP">he</word>
        <word pos="VVZ">travels</word>
        <word pos="AT0">a</word>
        <word pos="NN1">lot</word>
        <word pos="PUN">,</word>
        <word pos="DPS">my</word>
        <word pos="NN1">mum</word>
        <word pos="NN1">housewife</word>
        <word pos="PUN">,</word>
        <word pos="CJC">and</word>
        <word pos="DPS">my</word>
        <word pos="NN1">dad</word>
        <word pos="NN1">age</word>
        <word pos="CRD">forty-seven</word>
        <word pos="CJC">and</word>
        <word pos="DPS">my</word>
        <word pos="NN1">mum</word>
        <word pos="NN1">age</word>
        <word pos="CRD">forty</word>
        <word pos="PUN">,</word>
        <word pos="PNP">I</word>
        <word pos="VVB">live</word>
        <word pos="PRP">with</word>
        <word pos="DPS">my</word>
        <word pos="NN1">family</word>
        <word pos="PRP">in</word>
        <word pos="NP0">Zliten</word>
        <word pos="PUN">,</word>
        <word pos="DPS">my</word>
        <word pos="NN1">family</word>
        <word pos="AV0">very</word>
        <word pos="AJ0">active</word>
        <word pos="PUN">,</word>
        <word pos="CJC">and</word>
        <word pos="DPS">my</word>
        <word pos="NN1">brother</word>
        <word pos="VVB">play</word>
        <word pos="NN1">gym</word>
        <word pos="PUN">.</word>
        </body>
      </text>
    </corpus>
  </root>
