<root>

  <corpus>
    <metadata>
    </metadata>
<text Faculty="Education" Semester="1" Age="19" Time_spent_at_an_EnglishSpeaking_country="X" Topic="My Family" Title="..........">
<corpus><word pos="DPS">My </word><word pos="NN1">name </word><word pos="VBZ">is </word><word pos="NP0">Manal </word><word pos="PUN">. </word><word pos="PNP">I </word><word pos="VBB">am </word><word pos="CRD">nineteen </word><word pos="NN1">year </word><word pos="AJ0">old </word><word pos="PUN">, </word><word pos="PNP">I </word><word pos="VVB">live </word><word pos="PRP">in </word><word pos="NP0">Zliten </word><word pos="PUN">, </word><word pos="PNP">I </word><word pos="VVB">live </word><word 
pos="PRP">with </word><word pos="DPS">my </word><word pos="NN2">parents </word><word pos="CJC">and </word><word pos="AT0">a </word><word pos="NN1">family </word><word pos="VVG">consisting </word><word pos="PRF">of </word><word pos="CRD">nine </word><word pos="NN2">individuals </word><word pos="PUN">. </word><word pos="PNP">We </word><word pos="VHB">have </word><word pos="AT0">a </word><word pos="NN1">garden </word><word pos="PRP">at </word><word pos="NN1">home </word><word pos="VVN">filled </word><word pos="PRP">with </word><word pos="NN2">roses </word><word pos="PUN">, </word><word pos="CJC">and </word><word pos="PRP">in </word><word pos="AT0">the </word><word pos="NN1">summer </word><word pos="NN1">holiday </word><word pos="PNP">we </word><word pos="VVD">got </word><word pos="PRP">to </word><word pos="AT0">the </word><word pos="NN1">sea </word><word pos="TO0">to </word><word pos="VVI">enjoy </word><word pos="AT0">the </word><word pos="NN1">summer </word><word pos="NN1">atmosphere </word><word pos="PUN">. </word></corpus>

</text>
  </corpus>
  
</root>