<?xml version='1.0' encoding='utf-8'?>
<root>
  <corpus>
    <text>
      <metadata>
        <Faculty>Education</Faculty>
        <Semester>1</Semester>
        <Age>19</Age>
        <Time_spent_at_an_EnglishSpeaking_country>X</Time_spent_at_an_EnglishSpeaking_country>
        <Topic>My Family</Topic>
        <Title>My family</Title>
        </metadata>
      <body>
        <word pos="DPS">My</word>
        <word pos="NN1">family</word>
        <word pos="VBZ">is</word>
        <word pos="AJ0">big</word>
        <word pos="VHB">have</word>
        <word pos="CRD">four</word>
        <word pos="NN1">sister</word>
        <word pos="CJC">and</word>
        <word pos="CRD">six</word>
        <word pos="NN1">brother</word>
        <word pos="DPS">My</word>
        <word pos="NN1">father</word>
        <word pos="VVB">work</word>
        <word pos="NN1">teacher</word>
        <word pos="PRP">in</word>
        <word pos="NN1">Subject</word>
        <word pos="NN1">science</word>
        <word pos="DPS">My</word>
        <word pos="NN1">mother</word>
        <word pos="VVB">work</word>
        <word pos="NN1">housewife</word>
        <word pos="PUN">,</word>
        <word pos="DPS">my</word>
        <word pos="NN1">brother</word>
        <word pos="VVB">work</word>
        <word pos="NN1">butcher</word>
        <word pos="NN1">shop</word>
        <word pos="PUN">,</word>
        <word pos="PNP">I</word>
        <word pos="VHB">have</word>
        <word pos="AJ0">married</word>
        <word pos="NN1">sister</word>
        <word pos="CJC">and</word>
        <word pos="AT0">the</word>
        <word pos="NN1">rest</word>
        <word pos="PRF">of</word>
        <word pos="DPS">my</word>
        <word pos="NN2">brothers</word>
        <word pos="VBB">are</word>
        <word pos="AJ0">young</word>
        <word pos="PUN">.</word>
        <word pos="PNP">I</word>
        <word pos="VBB">am</word>
        <word pos="PRP">with</word>
        <word pos="DPS">my</word>
        <word pos="NN1">family</word>
        <word pos="PUN">,</word>
        <word pos="PNP">I</word>
        <word pos="VVB">feel</word>
        <word pos="AJ0">safe</word>
        <word pos="PUN">.</word>
        </body>
      </text>
    </corpus>
  </root>
