<root>

  <corpus>
    <metadata>
    </metadata>
<text Faculty="Education" Semester="1" Age="19" Time_spent_at_an_EnglishSpeaking_country="X" Topic="My Family" Title="My family">
<corpus><word pos="DPS">My </word><word pos="NN1">name </word><word pos="VBZ">is </word><word pos="NP0">Maryam </word><word pos="PUN">, </word><word pos="PNP">I </word><word pos="VBB">am </word><word pos="PRP">from </word><word pos="NP0">Bani </word><word pos="NP0">Walid </word><word pos="PUN">, </word><word pos="PNP">I </word><word pos="VVB">live </word><word pos="PRP">in </word><word pos="NP0">Zliten </word><word pos="PUN">, </word><word pos="NP0">Libya </word><word pos="PUN">. </word><word 
pos="PNP">I </word><word pos="VHB">have </word><word pos="CRD">4 </word><word pos="NN2">brothers </word><word pos="CJC">and </word><word pos="CRD">3 </word><word pos="NN2">sisters </word><word pos="PUN">. </word><word pos="DPS">My </word><word pos="AJ0">old </word><word pos="NN1">brother </word><word pos="VBZ">is </word><word pos="AJ0">married </word><word pos="CJC">and </word><word pos="VHZ">has </word><word pos="CRD">2 </word><word pos="NN2">daughters </word><word pos="PUN">. </word><word pos="DPS">My </word><word pos="NN1">father </word><word pos="VVZ">works </word><word pos="PRP">in </word><word pos="NN1">teaching </word><word pos="PUN">. </word><word 
pos="DPS">My </word><word pos="NN1">mother </word><word pos="VBZ">is </word><word pos="NN1">housewife </word><word pos="PRP">with </word><word pos="AT0">no </word><word pos="NN1">degree </word><word pos="PUN">. </word></corpus>

</text>
  </corpus>
  
</root>