<root>

  <corpus>
    <metadata>
    </metadata>
<text Faculty="Education" Semester="1" Age="19" Time_spent_at_an_EnglishSpeaking_country="X" Topic="My Family" Title="..........">
<corpus><word pos="DPS">My </word><word pos="NN1">name </word><word pos="VBZ">is </word><word pos="NP0">Heba </word><word pos="PUN">, </word><word pos="PNP">I </word><word pos="VBB">'m </word><word pos="PRP">from </word><word pos="NP0">Libya </word><word pos="PUN">. </word><word pos="PNP">I </word><word pos="VVD">born </word><word pos="PRP">in </word><word pos="NP0">Zliten </word><word pos="PUN">. </word><word pos="PNP">I </word><word pos="VBB">'m </word><word pos="CRD">19 </word><word pos="NN2">years </word><word pos="AJ0">old </word><word pos="PUN">. </word><word pos="PNP">I </word><word pos="VVB">live </word><word pos="PRP">with </word><word pos="DPS">my </word><word pos="NN1">family </word><word pos="PUN">. </word><word pos="PNP">I </word><word pos="VHB">have </word><word pos="CRD">one </word><word pos="NN1">brother </word><word pos="CJC">and </word><word pos="CRD">four </word><word pos="NN1">sister </word><word pos="PUN">. </word><word pos="DPS">My </word><word pos="NN1">mother </word><word pos="VVZ">works </word><word pos="PRP">as </word><word pos="NN1">teacher </word><word pos="PUN">. </word><word pos="CJC">and </word><word pos="DPS">my 
</word><word pos="NN1">father </word><word pos="VVZ">works </word><word pos="PRP">as </word><word pos="NN1">freelancer </word><word pos="PUN">. </word></corpus>

</text>
  </corpus>
  
</root>