<?xml version='1.0' encoding='utf-8'?>
<root>
  <corpus>
    <text>
      <metadata>
        <Faculty>Education</Faculty>
        <Semester>2</Semester>
        <Age>22</Age>
        <Time_spent_at_an_EnglishSpeaking_country>none</Time_spent_at_an_EnglishSpeaking_country>
        <Topic>Visiting a Zoo</Topic>
        <Title>visiting a zoo</Title>
        </metadata>
      <body>
        <word pos="PNP">I</word>
        <word pos="VVD">went</word>
        <word pos="PRP">to</word>
        <word pos="AT0">the</word>
        <word pos="NN1">zoo</word>
        <word pos="ORD">last</word>
        <word pos="NN1">year</word>
        <word pos="PUN">.</word>
        <word pos="PNP">I</word>
        <word pos="VVD">saw</word>
        <word pos="AT0">a</word>
        <word pos="NN1">lot</word>
        <word pos="PRF">of</word>
        <word pos="NN2">animals</word>
        <word pos="AV0">there</word>
        <word pos="PUN">.</word>
        <word pos="AV0">for</word>
        <word pos="AV0">example</word>
        <word pos="PUN">:</word>
        <word pos="AT0">the</word>
        <word pos="NN1">lion</word>
        <word pos="PUN">,</word>
        <word pos="NN2">monkeys</word>
        <word pos="PUN">,</word>
        <word pos="NN1">kangaroo</word>
        <word pos="PUN">,</word>
        <word pos="NN2">elephants</word>
        <word pos="PUN">.</word>
        <word pos="CJC">and</word>
        <word pos="NN1">ostrich</word>
        <word pos="PNP">I</word>
        <word pos="VHB">have</word>
        <word pos="VVN">known</word>
        <word pos="DT0">many</word>
        <word pos="NN2">types</word>
        <word pos="PRF">of</word>
        <word pos="NN2">animals</word>
        <word pos="PUN">.</word>
        <word pos="PNP">I</word>
        <word pos="VBD">was</word>
        <word pos="VVG">trying</word>
        <word pos="TO0">to</word>
        <word pos="VVI">get</word>
        <word pos="AV0">close</word>
        <word pos="PRP">to</word>
        <word pos="AT0">the</word>
        <word pos="NN1">lion</word>
        <word pos="CJC">but</word>
        <word pos="PNP">I</word>
        <word pos="VBD">was</word>
        <word pos="AJ0">scared</word>
        <word pos="PUN">.</word>
        <word pos="PNP">I</word>
        <word pos="VVB">listen</word>
        <word pos="PRP">to</word>
        <word pos="AT0">the</word>
        <word pos="NN1">zoo</word>
        <word pos="AT0">a</word>
        <word pos="NN1">lot</word>
        </body>
      </text>
    </corpus>
  </root>
