<?xml version='1.0' encoding='utf-8'?>
<root>
  <corpus>
    <text>
      <metadata>
        <Faculty>Education</Faculty>
        <Semester>2</Semester>
        <Age>18</Age>
        <Time_spent_at_an_EnglishSpeaking_country>X</Time_spent_at_an_EnglishSpeaking_country>
        <Topic>Visiting a Zoo</Topic>
        <Title>visiting zoo</Title>
        </metadata>
      <body>
        <word pos="NN0">Nadia</word>
        <word pos="CJC">and</word>
        <word pos="PNP">I</word>
        <word pos="VHB">have</word>
        <word pos="VVN">visited</word>
        <word pos="AT0">a</word>
        <word pos="NN1">zoo</word>
        <word pos="DT0">many</word>
        <word pos="NN2">times</word>
        <word pos="PUN">.</word>
        <word pos="EX0">There</word>
        <word pos="VBB">are</word>
        <word pos="AT0">a</word>
        <word pos="NN1">lot</word>
        <word pos="PRF">of</word>
        <word pos="NN2">animals</word>
        <word pos="AV0">there</word>
        <word pos="PUN">,</word>
        <word pos="PNP">we</word>
        <word pos="VHB">have</word>
        <word pos="VVN">seen</word>
        <word pos="NN2">lions</word>
        <word pos="PUN">,</word>
        <word pos="PNP">They</word>
        <word pos="VBB">are</word>
        <word pos="AJ0">fierce</word>
        <word pos="CJC">and</word>
        <word pos="AJ0">huge</word>
        <word pos="PUN">.</word>
        <word pos="AV0">also</word>
        <word pos="PNP">we</word>
        <word pos="VHB">have</word>
        <word pos="VVN">seen</word>
        <word pos="DT0">many</word>
        <word pos="NN2">kangaroos</word>
        <word pos="PUN">.</word>
        <word pos="AT0">The</word>
        <word pos="NN1">guide</word>
        <word pos="VVZ">welcomes</word>
        <word pos="CJS">because</word>
        <word pos="PNP">he</word>
        <word pos="VVZ">knows</word>
        <word pos="PNP">us</word>
        <word pos="AV0">very</word>
        <word pos="AV0">well</word>
        <word pos="PUN">,</word>
        <word pos="PNP">He</word>
        <word pos="AV0">always</word>
        <word pos="VVZ">gives</word>
        <word pos="NN1">information</word>
        <word pos="PRP">to</word>
        <word pos="PNP">us</word>
        <word pos="PRP">about</word>
        <word pos="AT0">the</word>
        <word pos="NN2">directions</word>
        <word pos="PRF">of</word>
        <word pos="NN1">zoo</word>
        <word pos="CJS">because</word>
        <word pos="AT0">the</word>
        <word pos="NN1">zoo</word>
        <word pos="VBZ">is</word>
        <word pos="AV0">very</word>
        <word pos="AJ0">huge</word>
        <word pos="CJS">so</word>
        <word pos="PNP">we</word>
        <word pos="VDD">did</word>
        <word pos="XX0">n't</word>
        <word pos="VVI">know</word>
        <word pos="AT0">the</word>
        <word pos="NN1">direction</word>
        <word pos="CJC">but</word>
        <word pos="AV0">maybe</word>
        <word pos="PNP">we</word>
        <word pos="VM0">will</word>
        <word pos="VVI">understand</word>
        <word pos="AT0">the</word>
        <word pos="NN2">directions</word>
        <word pos="PRP">in</word>
        <word pos="AT0">the</word>
        <word pos="NN1">future</word>
        <word pos="PUN">.</word>
        <word pos="AV0">Yesterday</word>
        <word pos="PNP">we</word>
        <word pos="VVD">went</word>
        <word pos="PRP">to</word>
        <word pos="AT0">the</word>
        <word pos="NN1">zoo</word>
        <word pos="PUN">,</word>
        <word pos="PNP">we</word>
        <word pos="VVD">saw</word>
        <word pos="NP0">Ahmed</word>
        <word pos="PUN">,</word>
        <word pos="PNP">he</word>
        <word pos="VBZ">is</word>
        <word pos="NN1">writer</word>
        <word pos="AT0">the</word>
        <word pos="NN2">novels</word>
        <word pos="PUN">,</word>
        <word pos="PNP">we</word>
        <word pos="VBD">were</word>
        <word pos="AT0">a</word>
        <word pos="AJ0">happy</word>
        <word pos="PRP">to</word>
        <word pos="PNP">he</word>
        <word pos="VVD">came</word>
        <word pos="PUN">,</word>
        <word pos="PNP">we</word>
        <word pos="VHB">have</word>
        <word pos="AT0">a</word>
        <word pos="AJ0">great</word>
        <word pos="NN1">time</word>
        <word pos="PUN">.</word>
        </body>
      </text>
    </corpus>
  </root>
