<?xml version='1.0' encoding='utf-8'?>
<root>
  <corpus>
    <text>
      <metadata>
        <Faculty>Education</Faculty>
        <Semester>4</Semester>
        <Age>20</Age>
        <Time_spent_at_an_EnglishSpeaking_country>X</Time_spent_at_an_EnglishSpeaking_country>
        <Topic>Activities in the free time</Topic>
        <Title>Activites in the free time</Title>
        </metadata>
      <body>
        <word pos="DPS">My</word>
        <word pos="AJ0">free</word>
        <word pos="NN1">time</word>
        <word pos="AV0">mostly</word>
        <word pos="VVZ">includes</word>
        <word pos="AT0">the</word>
        <word pos="NN1">hour</word>
        <word pos="AVQ">when</word>
        <word pos="PNP">I</word>
        <word pos="VVB">get</word>
        <word pos="AVP">back</word>
        <word pos="PRP">from</word>
        <word pos="DPS">my</word>
        <word pos="NN2">classes</word>
        <word pos="PRP">in</word>
        <word pos="AT0">the</word>
        <word pos="NN1">evening</word>
        <word pos="PUN">.</word>
        <word pos="AV0">Completely</word>
        <word pos="AJ0">exhausted</word>
        <word pos="PUN">,</word>
        <word pos="PNP">I</word>
        <word pos="VVB">try</word>
        <word pos="TO0">to</word>
        <word pos="VVI">calm</word>
        <word pos="PNX">myself</word>
        <word pos="AVP">down</word>
        <word pos="CJC">and</word>
        <word pos="VVI">release</word>
        <word pos="DT0">all</word>
        <word pos="AT0">the</word>
        <word pos="NN1">pressure</word>
        <word pos="PUN">.</word>
        <word pos="PNP">We</word>
        <word pos="VM0">should</word>
        <word pos="VVI">spend</word>
        <word pos="DPS">our</word>
        <word pos="NN1">time</word>
        <word pos="PRP">in</word>
        <word pos="DT0">many</word>
        <word pos="AJ0">useful</word>
        <word pos="NN1">thing</word>
        <word pos="PRP">such</word>
        <word pos="PRP">as</word>
        <word pos="VVG">reading</word>
        <word pos="NN2">books</word>
        <word pos="PUN">,</word>
        <word pos="VVG">Eating</word>
        <word pos="AJ0">healthy</word>
        <word pos="NN1">food</word>
        <word pos="PUN">,</word>
        <word pos="VDG">doing</word>
        <word pos="AT0">a</word>
        <word pos="NN1">lot</word>
        <word pos="PRF">of</word>
        <word pos="NN2">exercises</word>
        <word pos="PUN">.</word>
        <word pos="AT0">The</word>
        <word pos="AJ0">free</word>
        <word pos="NN1">time</word>
        <word pos="NN2">activities</word>
        <word pos="AV0">mostly</word>
        <word pos="VVB">include</word>
        <word pos="VVG">reading</word>
        <word pos="AT0">a</word>
        <word pos="NN1">book</word>
        <word pos="PUN">,</word>
        <word pos="VVG">listening</word>
        <word pos="PRP">to</word>
        <word pos="DT0">some</word>
        <word pos="AJ0">soft</word>
        <word pos="NN1">music</word>
        <word pos="PUN">,</word>
        <word pos="CJC">or</word>
        <word pos="VVG">cleaning</word>
        <word pos="DPS">my</word>
        <word pos="NN1">room</word>
        <word pos="PUN">.</word>
        <word pos="PNP">I</word>
        <word pos="VVB">find</word>
        <word pos="VVG">cleaning</word>
        <word pos="AV0">very</word>
        <word pos="AJ0">therapeutic</word>
        <word pos="PUN">.</word>
        <word pos="PNP">I</word>
        <word pos="VVB">try</word>
        <word pos="TO0">to</word>
        <word pos="VVI">inculcate</word>
        <word pos="NN1">gardening</word>
        <word pos="PRP">on</word>
        <word pos="DPS">my</word>
        <word pos="AJ0">off</word>
        <word pos="NN2">days</word>
        <word pos="CJC">or</word>
        <word pos="AT0">the</word>
        <word pos="NN2">weekends</word>
        <word pos="PUN">.</word>
        <word pos="VVG">Cooking</word>
        <word pos="DT0">some</word>
        <word pos="AJ0">new</word>
        <word pos="NN2">dishes</word>
        <word pos="PUN">,</word>
        <word pos="VVG">journaling</word>
        <word pos="PUN">,</word>
        <word pos="CJC">or</word>
        <word pos="VVG">watching</word>
        <word pos="AT0">a</word>
        <word pos="NN1">movie</word>
        <word pos="CJC">or</word>
        <word pos="AT0">a</word>
        <word pos="NN0">series</word>
        <word pos="VBB">are</word>
        <word pos="AV0">also</word>
        <word pos="DT0">some</word>
        <word pos="PRF">of</word>
        <word pos="AT0">the</word>
        <word pos="NN2">activities</word>
        <word pos="PRP">in</word>
        <word pos="DTQ">which</word>
        <word pos="PNP">I</word>
        <word pos="VVB">spend</word>
        <word pos="DPS">my</word>
        <word pos="AJ0">free</word>
        <word pos="NN1">time</word>
        <word pos="PUN">.</word>
        <word pos="DT0">These</word>
        <word pos="NN2">activities</word>
        <word pos="VVB">help</word>
        <word pos="PNP">me</word>
        <word pos="VVI">rejuvenate</word>
        <word pos="PNX">myself</word>
        <word pos="CJC">and</word>
        <word pos="VVI">start</word>
        <word pos="AT0">the</word>
        <word pos="ORD">next</word>
        <word pos="NN1">day</word>
        <word pos="AV0">energetically</word>
        <word pos="PUN">.</word>
        <word pos="PRF">of</word>
        <word pos="DT0">all</word>
        <word pos="AT0">the</word>
        <word pos="AJ0">free</word>
        <word pos="NN1">time</word>
        <word pos="NN2">activities</word>
        <word pos="PUN">,</word>
        <word pos="PNP">I</word>
        <word pos="VVB">like</word>
        <word pos="VVG">reading</word>
        <word pos="NN2">books</word>
        <word pos="AV0">most</word>
        <word pos="CJS">because</word>
        <word pos="PNP">it</word>
        <word pos="VVZ">brings</word>
        <word pos="PNP">me</word>
        <word pos="DT0">many</word>
        <word pos="AJ0">good</word>
        <word pos="NN2">aspects</word>
        <word pos="PUN">.</word>
        <word pos="ORD">First</word>
        <word pos="CJC">and</word>
        <word pos="AV0">foremost</word>
        <word pos="PUN">,</word>
        <word pos="NN1">book</word>
        <word pos="VBZ">is</word>
        <word pos="AT0">a</word>
        <word pos="AJ0">cheap</word>
        <word pos="NN1">way</word>
        <word pos="TO0">to</word>
        <word pos="VVI">get</word>
        <word pos="NN1">information</word>
        <word pos="CJS">so</word>
        <word pos="PNP">I</word>
        <word pos="VHB">have</word>
        <word pos="AJ0">good</word>
        <word pos="AT0">a</word>
        <word pos="NN1">change</word>
        <word pos="TO0">to</word>
        <word pos="VVI">widen</word>
        <word pos="DPS">my</word>
        <word pos="NN1">knowledge</word>
        <word pos="XX0">not</word>
        <word pos="AV0">only</word>
        <word pos="PRP">in</word>
        <word pos="AT0">the</word>
        <word pos="NN2">fields</word>
        <word pos="PNP">I</word>
        <word pos="VVB">study</word>
        <word pos="CJC">but</word>
        <word pos="AV0">also</word>
        <word pos="PRP">in</word>
        <word pos="AT0">the</word>
        <word pos="AJ0">other</word>
        <word pos="NN2">sections</word>
        <word pos="PRP">in</word>
        <word pos="NN1">life</word>
        <word pos="PUN">.</word>
        <word pos="AV0">Moreover</word>
        <word pos="PUN">,</word>
        <word pos="VVG">reading</word>
        <word pos="NN2">books</word>
        <word pos="VVZ">makes</word>
        <word pos="PNP">me</word>
        <word pos="VVI">know</word>
        <word pos="AV0">better</word>
        <word pos="PRP">about</word>
        <word pos="NN0">people</word>
        <word pos="PRP">around</word>
        <word pos="AT0">the</word>
        <word pos="NN1">world</word>
        <word pos="CJC">and</word>
        <word pos="AT0">the</word>
        <word pos="NN1">way</word>
        <word pos="PNP">they</word>
        <word pos="VVB">live</word>
        <word pos="PUN">.</word>
        <word pos="CRD">One</word>
        <word pos="DT0">more</word>
        <word pos="NN1">benefit</word>
        <word pos="PRF">of</word>
        <word pos="VVG">reading</word>
        <word pos="NN1">book</word>
        <word pos="VBZ">is</word>
        <word pos="CJT">that</word>
        <word pos="PNP">it</word>
        <word pos="VVZ">makes</word>
        <word pos="PNP">me</word>
        <word pos="AJ0">express</word>
        <word pos="NN2">words</word>
        <word pos="AV0">fluently</word>
        <word pos="PUN">,</word>
        <word pos="AV0">therefore</word>
        <word pos="PUN">,</word>
        <word pos="PNP">I</word>
        <word pos="VM0">can</word>
        <word pos="VVI">improve</word>
        <word pos="DPS">my</word>
        <word pos="NN1">communication</word>
        <word pos="NN1">skill</word>
        <word pos="AV0">better</word>
        <word pos="CJC">and</word>
        <word pos="AV0">better</word>
        <word pos="PUN">.</word>
        <word pos="AV0">In</word>
        <word pos="AV0">short</word>
        <word pos="PUN">,</word>
        <word pos="VVG">reading</word>
        <word pos="NN2">books</word>
        <word pos="PRP">in</word>
        <word pos="DPS">my</word>
        <word pos="AJ0">main</word>
        <word pos="AJ0">happy</word>
        <word pos="CJC">and</word>
        <word pos="PNP">I</word>
        <word pos="VM0">will</word>
        <word pos="VVI">make</word>
        <word pos="AJS">best</word>
        <word pos="NN1">use</word>
        <word pos="PRF">of</word>
        <word pos="DPS">its</word>
        <word pos="NN2">advantages</word>
        <word pos="TO0">to</word>
        <word pos="VHI">have</word>
        <word pos="AT0">a</word>
        <word pos="AJ0">happy</word>
        <word pos="NN1">lifestyle</word>
        </body>
      </text>
    </corpus>
  </root>
