<?xml version='1.0' encoding='utf-8'?>
<root>
  <corpus>
    <text>
      <metadata>
        <Faculty>Education</Faculty>
        <Semester>4</Semester>
        <Age>22</Age>
        <Time_spent_at_an_EnglishSpeaking_country>none</Time_spent_at_an_EnglishSpeaking_country>
        <Topic>The best exiercise</Topic>
        <Title>The best exiercise</Title>
        </metadata>
      <body>
        <word pos="AT0">the</word>
        <word pos="NN1">walking</word>
        <word pos="VBZ">is</word>
        <word pos="AT0">the</word>
        <word pos="AJS">best</word>
        <word pos="NN1">exercise</word>
        <word pos="PRP">for</word>
        <word pos="PNP">me</word>
        <word pos="PUN">.</word>
        <word pos="PNP">It</word>
        <word pos="VBZ">is</word>
        <word pos="PNI">something</word>
        <word pos="DTQ">which</word>
        <word pos="VDB">do</word>
        <word pos="PRP">in</word>
        <word pos="DPS">our</word>
        <word pos="AJ0">free</word>
        <word pos="NN1">time</word>
        <word pos="PUN">.</word>
        <word pos="PNP">It</word>
        <word pos="VBZ">is</word>
        <word pos="AJ0">important</word>
        <word pos="TO0">to</word>
        <word pos="VVI">make</word>
        <word pos="AJ0">healthy</word>
        <word pos="NN1">body</word>
        <word pos="CJC">and</word>
        <word pos="PNP">you</word>
        <word pos="VVB">feel</word>
        <word pos="DPS">your</word>
        <word pos="NN1">mind</word>
        <word pos="AJ0">active</word>
        <word pos="PUN">.</word>
        <word pos="PNP">we</word>
        <word pos="VM0">can</word>
        <word pos="VVG">walking</word>
        <word pos="PRP">without</word>
        <word pos="VVI">spend</word>
        <word pos="AT0">a</word>
        <word pos="NN1">lot</word>
        <word pos="PRF">of</word>
        <word pos="NN1">money</word>
        <word pos="PRP">on</word>
        <word pos="AT0">the</word>
        <word pos="NN1">exercise</word>
        <word pos="CJC">and</word>
        <word pos="AV0">anywhere</word>
        <word pos="VM0">can</word>
        <word pos="PNP">you</word>
        <word pos="VDI">do</word>
        <word pos="PNP">it</word>
        <word pos="PUN">.</word>
        <word pos="PNP">It</word>
        <word pos="VBZ">is</word>
        <word pos="AJ0">different</word>
        <word pos="PRP">between</word>
        <word pos="DT0">another</word>
        <word pos="NN1">exercise</word>
        <word pos="PRP">like</word>
        <word pos="NN1">football</word>
        <word pos="PUN">,</word>
        <word pos="VVG">swimming</word>
        <word pos="CJC">or</word>
        <word pos="NN1">tennis</word>
        <word pos="AV0">etc</word>
        <word pos="PUN">.</word>
        <word pos="PNP">they</word>
        <word pos="VBB">are</word>
        <word pos="NN1">need</word>
        <word pos="TO0">to</word>
        <word pos="NN1">money</word>
        <word pos="PUN">,</word>
        <word pos="NN1">place</word>
        <word pos="CJC">and</word>
        <word pos="NN0">people</word>
        <word pos="PUN">.</word>
        <word pos="AT0">the</word>
        <word pos="NN1">walking</word>
        <word pos="VBZ">is</word>
        <word pos="AJ0">simple</word>
        <word pos="AV0">yet</word>
        <word pos="AV0">highly</word>
        <word pos="AJ0">effective</word>
        <word pos="NN1">exercise</word>
        <word pos="CJT">that</word>
        <word pos="VVZ">offers</word>
        <word pos="AT0">a</word>
        <word pos="NN1">multitude</word>
        <word pos="PRF">of</word>
        <word pos="NN2">benefits</word>
        <word pos="PUN">.</word>
        </body>
      </text>
    </corpus>
  </root>
