<?xml version='1.0' encoding='utf-8'?>
<root>
  <corpus>
    <text>
      <metadata>
        <Faculty>Education</Faculty>
        <Semester>5</Semester>
        <Age>25</Age>
        <Time_spent_at_an_EnglishSpeaking_country>X</Time_spent_at_an_EnglishSpeaking_country>
        <Topic>effects of technonlgy on education</Topic>
        <Title>effects of technonlgy on education</Title>
        </metadata>
      <body>
        <word pos="NN1">Technology</word>
        <word pos="VVZ">teaches</word>
        <word pos="TO0">to</word>
        <word pos="VVI">improve</word>
        <word pos="AT0">the</word>
        <word pos="NN1">education</word>
        <word pos="NN1">process</word>
        <word pos="PRP">in</word>
        <word pos="DT0">all</word>
        <word pos="NN2">aspects</word>
        <word pos="CJS">as</word>
        <word pos="VVG">Raising</word>
        <word pos="NN2">levels</word>
        <word pos="PUN">,</word>
        <word pos="NN1">search</word>
        <word pos="NN2">sources</word>
        <word pos="CJC">and</word>
        <word pos="NN1">communication</word>
        <word pos="PRP">with</word>
        <word pos="NN2">friends</word>
        <word pos="CJC">or</word>
        <word pos="DT0">any</word>
        <word pos="NN1">side</word>
        <word pos="PRP">in</word>
        <word pos="NN1">education</word>
        <word pos="PUN">.</word>
        <word pos="ORD">first</word>
        <word pos="PUN">,</word>
        <word pos="PRP">to</word>
        <word pos="VVG">Raising</word>
        <word pos="NN1">level</word>
        <word pos="PRP">at</word>
        <word pos="NN1">education</word>
        <word pos="EX0">there</word>
        <word pos="VBB">are</word>
        <word pos="AJ0">new</word>
        <word pos="NN2">ways</word>
        <word pos="TO0">to</word>
        <word pos="VVI">suit</word>
        <word pos="DT0">each</word>
        <word pos="NN1">stage</word>
        <word pos="CJC">and</word>
        <word pos="VVG">using</word>
        <word pos="NN1">search</word>
        <word pos="NN2">engines</word>
        <word pos="CJC">and</word>
        <word pos="VVG">studying</word>
        <word pos="AV0">online</word>
        <word pos="PRP">to</word>
        <word pos="AJ0">artificial</word>
        <word pos="NN1">intelligence</word>
        <word pos="TO0">to</word>
        <word pos="VVI">help</word>
        <word pos="VVI">facilitate</word>
        <word pos="NN1">learning</word>
        <word pos="PUN">.</word>
        <word pos="NN1">Secondary</word>
        <word pos="PUN">,</word>
        <word pos="NN1">search</word>
        <word pos="NN2">sources</word>
        <word pos="VVB">play</word>
        <word pos="AT0">an</word>
        <word pos="AJ0">important</word>
        <word pos="NN1">role</word>
        <word pos="VVG">obtaining</word>
        <word pos="NN1">information</word>
        <word pos="AV0">well</word>
        <word pos="CJS">as</word>
        <word pos="VVG">using</word>
        <word pos="NN1">search</word>
        <word pos="NN2">engines</word>
        <word pos="CJC">and</word>
        <word pos="VVG">studying</word>
        <word pos="AV0">online</word>
        <word pos="TO0">to</word>
        <word pos="VVI">facilitate</word>
        <word pos="NN1">learning</word>
        <word pos="NN1">process</word>
        <word pos="PUN">.</word>
        <word pos="PRP">on</word>
        <word pos="AT0">the</word>
        <word pos="AJ0">other</word>
        <word pos="NN1">hand</word>
        <word pos="PUN">,</word>
        <word pos="PNP">we</word>
        <word pos="VVB">need</word>
        <word pos="PRP">to</word>
        <word pos="NN1">communication</word>
        <word pos="PRP">with</word>
        <word pos="NN2">Friends</word>
        <word pos="CJC">and</word>
        <word pos="VVG">chatting</word>
        <word pos="AV0">also</word>
        <word pos="VVB">contact</word>
        <word pos="AT0">the</word>
        <word pos="NN1">email</word>
        <word pos="PRP">with</word>
        <word pos="AT0">the</word>
        <word pos="AJ0">concerned</word>
        <word pos="NN2">authorities</word>
        <word pos="AV0">for</word>
        <word pos="AV0">instance</word>
        <word pos="NN1">university</word>
        <word pos="CJC">or</word>
        <word pos="AJ0">high</word>
        <word pos="NN1">school</word>
        <word pos="PUN">.</word>
        <word pos="PRP">After</word>
        <word pos="DT0">all</word>
        <word pos="PUN">,</word>
        <word pos="TO0">to</word>
        <word pos="VVI">improve</word>
        <word pos="CJC">and</word>
        <word pos="VVI">develop</word>
        <word pos="NN1">education</word>
        <word pos="NN1">process</word>
        <word pos="PRP">in</word>
        <word pos="DPS">our</word>
        <word pos="AJ0">daily</word>
        <word pos="NN1">life</word>
        <word pos="VM0">need</word>
        <word pos="TO0">to</word>
        <word pos="VVI">use</word>
        <word pos="NN1">technology</word>
        <word pos="PUN">.</word>
        </body>
      </text>
    </corpus>
  </root>
