<?xml version='1.0' encoding='utf-8'?>
<root>
  <corpus>
    <text>
      <metadata>
        <Faculty>Education</Faculty>
        <Semester>4</Semester>
        <Age>22</Age>
        <Time_spent_at_an_EnglishSpeaking_country>3 months</Time_spent_at_an_EnglishSpeaking_country>
        <Topic>Healthy Food</Topic>
        <Title>Healthy food</Title>
        </metadata>
      <body>
        <word pos="AJ0">Healthy</word>
        <word pos="NN1">food</word>
        <word pos="VBZ">is</word>
        <word pos="AJ0">important</word>
        <word pos="PRP">for</word>
        <word pos="NN1">body</word>
        <word pos="TO0">to</word>
        <word pos="VVI">keep</word>
        <word pos="DPS">your</word>
        <word pos="AJ0">healthy</word>
        <word pos="CJC">and</word>
        <word pos="VVG">eating</word>
        <word pos="AJ0">healthy</word>
        <word pos="NN1">food</word>
        <word pos="VVD">became</word>
        <word pos="AT0">the</word>
        <word pos="NN1">body</word>
        <word pos="AV0">more</word>
        <word pos="AJ0">healthy</word>
        <word pos="CJC">and</word>
        <word pos="AJ0">Healthy</word>
        <word pos="NN1">food</word>
        <word pos="AJ0">rich</word>
        <word pos="PRP">to</word>
        <word pos="NN2">vitamins</word>
        <word pos="CJC">and</word>
        <word pos="NN2">proteins</word>
        <word pos="PNP">They</word>
        <word pos="VBB">are</word>
        <word pos="DT0">more</word>
        <word pos="NN2">effects</word>
        <word pos="PRF">of</word>
        <word pos="AT0">the</word>
        <word pos="NN1">body</word>
        <word pos="VVD">became</word>
        <word pos="AT0">the</word>
        <word pos="NN1">body</word>
        <word pos="AJ0">free</word>
        <word pos="NN2">diseases</word>
        <word pos="AV0">for</word>
        <word pos="AV0">example</word>
        <word pos="VVG">eating</word>
        <word pos="NN2">vegetables</word>
        <word pos="VBZ">is</word>
        <word pos="VVI">consider</word>
        <word pos="AJ0">healthy</word>
        <word pos="NN1">food</word>
        <word pos="CJS">because</word>
        <word pos="VVB">contain</word>
        <word pos="PRP">on</word>
        <word pos="AT0">the</word>
        <word pos="NN2">vitamins</word>
        <word pos="CJC">and</word>
        <word pos="NN2">proteins</word>
        <word pos="CJC">and</word>
        <word pos="NN1">Iron</word>
        <word pos="NN1">material</word>
        <word pos="CJC">and</word>
        <word pos="AJ0">healthy</word>
        <word pos="NN1">food</word>
        <word pos="VBZ">is</word>
        <word pos="AJ0">strong</word>
        <word pos="PRP">for</word>
        <word pos="NN1">muscle</word>
        <word pos="NN1">body</word>
        <word pos="CJC">and</word>
        <word pos="NN2">teeth</word>
        <word pos="CJC">and</word>
        <word pos="PNP">it</word>
        <word pos="VBZ">is</word>
        <word pos="AJ0">useful</word>
        <word pos="PRP">for</word>
        <word pos="NN2">children</word>
        <word pos="TO0">to</word>
        <word pos="VVI">grow</word>
        <word pos="CJC">and</word>
        <word pos="VVI">increase</word>
        <word pos="TO0">to</word>
        <word pos="VVI">build</word>
        <word pos="AT0">the</word>
        <word pos="NN1">body</word>
        <word pos="CJC">and</word>
        <word pos="AJ0">healthy</word>
        <word pos="NN1">food</word>
        <word pos="VHZ">has</word>
        <word pos="AJ0">physical</word>
        <word pos="NN2">benefits</word>
        <word pos="PNP">it</word>
        <word pos="VBZ">is</word>
        <word pos="VVZ">improves</word>
        <word pos="AJ0">clear</word>
        <word pos="NN1">thinking</word>
        <word pos="CJC">and</word>
        <word pos="VVZ">improves</word>
        <word pos="NN1">concentration</word>
        <word pos="CJC">and</word>
        <word pos="VHZ">has</word>
        <word pos="AJ0">mental</word>
        <word pos="NN2">benefits</word>
        <word pos="PRP">to</word>
        <word pos="VVZ">helps</word>
        <word pos="VVG">understanding</word>
        <word pos="VVG">eating</word>
        <word pos="AJ0">healthy</word>
        <word pos="NN1">food</word>
        <word pos="VVG">cooking</word>
        <word pos="PRP">in</word>
        <word pos="AT0">the</word>
        <word pos="NN1">home</word>
        <word pos="VBZ">is</word>
        <word pos="AJS">best</word>
        <word pos="PRP">from</word>
        <word pos="AT0">the</word>
        <word pos="AJ0">fast</word>
        <word pos="NN1">food</word>
        <word pos="CJS">because</word>
        <word pos="AT0">the</word>
        <word pos="AJ0">fast</word>
        <word pos="NN1">food</word>
        <word pos="VBZ">is</word>
        <word pos="AJ0">nonuseful</word>
        <word pos="PRP">for</word>
        <word pos="AJ0">healthy</word>
        <word pos="PUN">,</word>
        <word pos="PNP">you</word>
        <word pos="VM0">must</word>
        <word pos="VVI">eat</word>
        <word pos="AJ0">healthy</word>
        <word pos="NN1">food</word>
        <word pos="AV0">for</word>
        <word pos="AV0">example</word>
        <word pos="NN0">fruit</word>
        <word pos="VBZ">is</word>
        <word pos="AV0">more</word>
        <word pos="AJ0">rich</word>
        <word pos="NN1">vitamin</word>
        <word pos="ZZ0">C</word>
        <word pos="CJS">because</word>
        <word pos="AT0">the</word>
        <word pos="AJ0">healthy</word>
        <word pos="NN1">food</word>
        <word pos="VBZ">is</word>
        <word pos="AV0">more</word>
        <word pos="AJ0">important</word>
        <word pos="PRP">for</word>
        <word pos="NN1">body</word>
        <word pos="PNP">you</word>
        <word pos="VM0">must</word>
        <word pos="VVG">eating</word>
        <word pos="AT0">the</word>
        <word pos="AJ0">healthy</word>
        <word pos="TO0">to</word>
        <word pos="VBI">be</word>
        <word pos="AV0">most</word>
        <word pos="AJC">healthier</word>
        <word pos="PUN">.</word>
        </body>
      </text>
    </corpus>
  </root>
