<root>

  <corpus>
    <metadata>
    </metadata>
<text Faculty="Education" Semester="8" Age="22" Time_spent_at_an_EnglishSpeaking_country="X" Topic="Honor of My Family" Title="The honor of My family">
<corpus><word pos="DPS">My </word><word pos="NN1">family </word><word pos="VBZ">is </word><word pos="AJ0">large </word><word pos="CJS">as </word><word pos="AJ0">big </word><word pos="NN1">tree </word><word pos="PUN">, </word><word pos="CJC">and </word><word pos="EX0">there </word><word pos="DT0">many </word><word pos="NN2">branches </word><word pos="PNQ">who </word><word pos="VBB">are </word><word pos="PNP">me </word><word pos="CJC">and </word><word pos="AJ0">other </word><word pos="NN1">member </word><word pos="PUN">. </word><word pos="DPS">My </word><word pos="AJ0">large </word><word pos="NN1">family </word><word pos="VBZ">is </word><word pos="NN1">pride </word><word pos="PRP">for </word><word pos="PNP">me </word><word pos="PRP">in </word><word pos="AT0">the </word><word pos="NN1">number </word><word pos="CJC">and </word><word pos="NN1">work </word><word pos="PUN">. </word></corpus>

</text>
  </corpus>
  
</root>