<?xml version='1.0' encoding='utf-8'?>
<root>
  <corpus>
    <text>
      <metadata>
        <Faculty>Education</Faculty>
        <Semester>8</Semester>
        <Age>22</Age>
        <Time_spent_at_an_EnglishSpeaking_country>X</Time_spent_at_an_EnglishSpeaking_country>
        <Topic>Honor of My Family</Topic>
        <Title>The honor of My family</Title>
        </metadata>
      <body>
        <word pos="DPS">My</word>
        <word pos="NN1">family</word>
        <word pos="VBZ">is</word>
        <word pos="AJ0">large</word>
        <word pos="CJS">as</word>
        <word pos="AJ0">big</word>
        <word pos="NN1">tree</word>
        <word pos="PUN">,</word>
        <word pos="CJC">and</word>
        <word pos="EX0">there</word>
        <word pos="DT0">many</word>
        <word pos="NN2">branches</word>
        <word pos="PNQ">who</word>
        <word pos="VBB">are</word>
        <word pos="PNP">me</word>
        <word pos="CJC">and</word>
        <word pos="AJ0">other</word>
        <word pos="NN1">member</word>
        <word pos="PUN">.</word>
        <word pos="DPS">My</word>
        <word pos="AJ0">large</word>
        <word pos="NN1">family</word>
        <word pos="VBZ">is</word>
        <word pos="NN1">pride</word>
        <word pos="PRP">for</word>
        <word pos="PNP">me</word>
        <word pos="PRP">in</word>
        <word pos="AT0">the</word>
        <word pos="NN1">number</word>
        <word pos="CJC">and</word>
        <word pos="NN1">work</word>
        <word pos="PUN">.</word>
        </body>
      </text>
    </corpus>
  </root>
