<root>

  <corpus>
    <metadata>
    </metadata>
<text Faculty="Education" Semester="8" Age="22" Time_spent_at_an_EnglishSpeaking_country="X" Topic="Honor of My Family" Title="Honour of My family">
<corpus><word pos="VVG">Honoring </word><word pos="DPS">my </word><word pos="NN1">family </word><word pos="VVZ">means </word><word pos="VVG">showing </word><word pos="NN1">appreciation </word><word pos="NN1">love </word><word pos="CJC">and </word><word pos="NN1">respect </word><word pos="PRP">for </word><word pos="DPS">their </word><word pos="NN2">sacrifices </word><word pos="PUN">. </word><word pos="PNP">It </word><word pos="VVZ">strengthens </word><word pos="DPS">our </word><word pos="NN1">bond </word><word pos="PUN">, </word><word pos="VVZ">brings </word><word pos="PNP">us </word><word pos="AV0">closer </word><word pos="PUN">, </word><word pos="CJC">and </word><word pos="VVZ">ensures </word><word pos="AT0">a </word><word pos="AJ0">supportive </word><word pos="CJC">and </word><word pos="AJ0">loving </word><word pos="NN1">environment </word><word pos="PUN">. </word></corpus>

</text>
  </corpus>
  
</root>