<root>

  <corpus>
    <metadata>
    </metadata>
<text Faculty="Education" Semester="8" Age="22" Time_spent_at_an_EnglishSpeaking_country="X" Topic="Honor of My Family" Title="The honor of my family">
<corpus><word pos="DPS">My </word><word pos="NN1">family </word><word pos="VBZ">is </word><word pos="VVI">consist </word><word pos="PRF">of </word><word pos="CRD">three </word><word pos="NN2">girls </word><word pos="CJC">and </word><word pos="CRD">four </word><word pos="NN2">brothers </word><word pos="PUN">, </word><word pos="PNP">I </word><word pos="VVB">pride </word><word pos="PRP">for </word><word pos="DPS">my </word><word pos="NN1">father </word><word pos="PUN">, </word><word pos="PNP">he 
</word><word pos="VBZ">is </word><word pos="VVN">worked </word><word pos="PRP">on </word><word pos="NN1">company </word><word pos="CJC">and </word><word pos="DPS">my 
</word><word pos="NN1">mother </word><word pos="VVD">worked </word><word pos="CJS">as </word><word pos="NN1">teacher </word><word pos="CJC">and </word><word pos="PNP">I </word><word pos="VVB">pride </word><word pos="PRP">to </word><word pos="DPS">my </word><word pos="NN1">husband </word><word pos="PUN">. </word><word pos="PRP">For </word><word pos="NN1">work </word><word pos="CJS">as </word><word pos="NN1">doctor </word><word pos="PUN">. </word><word pos="PNP">I </word><word pos="VVB">pride </word><word pos="PRP">for </word><word pos="DPS">my </word><word pos="NN1">family </word><word pos="PRP">for </word><word pos="PNP">them </word><word pos="VVB">work </word><word pos="PUN">. </word></corpus>

</text>
  </corpus>
  
</root>