<root>

  <corpus>
    <metadata>
    </metadata>
<text Faculty="Education" Semester="8" Age="22" Time_spent_at_an_EnglishSpeaking_country="X" Topic="Honor of My Family" Title="The honor of My family">
<corpus><word pos="NN1">Family </word><word pos="VBZ">is </word><word pos="AT0">the </word><word pos="AJ0">basic </word><word pos="NN1">role </word><word pos="PRP">for </word><word pos="VVG">giving </word><word pos="AT0">the </word><word pos="AJ0">good </word><word pos="NN2">generations </word><word pos="PUN">. </word><word pos="PNP">It </word><word pos="VBZ">is </word><word pos="VVG">making </word><word pos="AT0">the </word><word pos="NN1">person </word><word pos="VVI">honor </word><word pos="PRP">to </word><word pos="DPS">his </word><word pos="PUN">/ </word><word pos="DPS">her </word><word pos="NN1">family </word><word pos="PUN">. </word><word pos="PRP">By </word><word pos="VVG">giving </word><word pos="PNP">them </word><word pos="AJ0">strong </word><word pos="CJC">and </word><word pos="NN1">support </word><word pos="PUN">. </word></corpus>

</text>
  </corpus>
  
</root>