<?xml version='1.0' encoding='utf-8'?>
<root>
  <corpus>
    <text>
      <metadata>
        <Faculty>Human Sciences</Faculty>
        <Semester>7</Semester>
        <Age>21</Age>
        <Time_spent_at_an_EnglishSpeaking_country>X</Time_spent_at_an_EnglishSpeaking_country>
        <Topic>Some people feel that legal age at which people can marry should be at least 21. To what extent do you agree or disagree?</Topic>
        <Title>..............</Title>
        </metadata>
      <body>
        <word pos="DT0">Some</word>
        <word pos="NN0">people</word>
        <word pos="VVG">thinking</word>
        <word pos="CJT">that</word>
        <word pos="AT0">the</word>
        <word pos="AJ0">legal</word>
        <word pos="NN1">age</word>
        <word pos="VM0">should</word>
        <word pos="VBI">be</word>
        <word pos="AV0">at</word>
        <word pos="AV0">least</word>
        <word pos="PRP">from</word>
        <word pos="CRD">21</word>
        <word pos="PUN">.</word>
        <word pos="CJS">because</word>
        <word pos="PNP">they</word>
        <word pos="VVB">believe</word>
        <word pos="CJT">that</word>
        <word pos="PRP">at</word>
        <word pos="AJ0">specific</word>
        <word pos="PRP">in</word>
        <word pos="DT0">this</word>
        <word pos="NN1">age</word>
        <word pos="AT0">the</word>
        <word pos="NN1">person</word>
        <word pos="VM0">can</word>
        <word pos="VBI">be</word>
        <word pos="AV0">more</word>
        <word pos="AJ0">suitable</word>
        <word pos="TO0">to</word>
        <word pos="VVI">achieve</word>
        <word pos="AT0">a</word>
        <word pos="AJ0">high</word>
        <word pos="NN1">level</word>
        <word pos="PRF">of</word>
        <word pos="VVG">thinking</word>
        <word pos="NN1">solution</word>
        <word pos="PRF">of</word>
        <word pos="AJ0">different</word>
        <word pos="AJ0">difficult</word>
        <word pos="PRF">of</word>
        <word pos="NN1">life</word>
        <word pos="PUN">.</word>
        <word pos="AV0">in</word>
        <word pos="AV0">addition</word>
        <word pos="AT0">the</word>
        <word pos="NN1">marriage</word>
        <word pos="VBZ">is</word>
        <word pos="AV0">very</word>
        <word pos="AJ0">important</word>
        <word pos="NN1">thing</word>
        <word pos="PRP">for</word>
        <word pos="PNI">anyone</word>
        <word pos="POS">'s</word>
        <word pos="NN1">life</word>
        <word pos="PUN">,</word>
        <word pos="CJS">so</word>
        <word pos="PNP">he</word>
        <word pos="PUN">/</word>
        <word pos="PNP">she</word>
        <word pos="VM0">should</word>
        <word pos="VVI">know</word>
        <word pos="AVQ">how</word>
        <word pos="TO0">to</word>
        <word pos="NN1">treatment</word>
        <word pos="PRP">with</word>
        <word pos="AJ0">select</word>
        <word pos="AT0">the</word>
        <word pos="NN1">person</word>
        <word pos="PNQ">who</word>
        <word pos="VM0">will</word>
        <word pos="VVI">live</word>
        <word pos="PRP">with</word>
        <word pos="PUN">,</word>
        <word pos="AV0">also</word>
        <word pos="PRP">in</word>
        <word pos="AT0">the</word>
        <word pos="NN1">age</word>
        <word pos="PRP">from</word>
        <word pos="CRD">21</word>
        <word pos="CJC">and</word>
        <word pos="AV0">above</word>
        <word pos="PUN">.</word>
        <word pos="PNP">it</word>
        <word pos="VBZ">'s</word>
        <word pos="AV0">very</word>
        <word pos="AJ0">important</word>
        <word pos="TO0">to</word>
        <word pos="VBI">be</word>
        <word pos="AJ0">able</word>
        <word pos="TO0">to</word>
        <word pos="VVG">thinking</word>
        <word pos="PRP">in</word>
        <word pos="DT0">all</word>
        <word pos="NN2">sides</word>
        <word pos="PRF">of</word>
        <word pos="NN1">life</word>
        <word pos="PUN">,</word>
        <word pos="CJC">and</word>
        <word pos="PRP">to</word>
        <word pos="VVZ">consists</word>
        <word pos="AT0">a</word>
        <word pos="AJ0">nice</word>
        <word pos="NN1">family</word>
        <word pos="PRP">with</word>
        <word pos="AJ0">right</word>
        <word pos="NN2">choices</word>
        <word pos="TO0">to</word>
        <word pos="VBI">be</word>
        <word pos="AV0">very</word>
        <word pos="AJ0">happy</word>
        <word pos="PRP">in</word>
        <word pos="DT0">this</word>
        <word pos="NN1">world</word>
        <word pos="PUN">.</word>
        <word pos="AV0">So</word>
        <word pos="PNP">I</word>
        <word pos="VVB">think</word>
        <word pos="PUN">,</word>
        <word pos="PNP">I</word>
        <word pos="VVB">agree</word>
        <word pos="PRP">with</word>
        <word pos="DT0">this</word>
        <word pos="PUN">.</word>
        </body>
      </text>
    </corpus>
  </root>
