<root>

  <corpus>
    <metadata>
    </metadata>
    <text Faculty="Human Sciences" Semester="2" Age="none" Time_spent_at_an_EnglishSpeaking_country="none" Topic="Your best memory" Title="your best memory">
<corpus><word pos="CJS">when </word><word pos="DPS">my </word><word pos="NN1">husband </word><word pos="CJC">and </word><word pos="PNP">I </word><word pos="PNP">we </word><word pos="VVZ">goes </word><word pos="PRP">to </word><word pos="AT0">the </word><word pos="NN1">east </word><word pos="NP0">Libya </word><word pos="PUN">. </word><word pos="AT0">The </word><word pos="NN1">road </word><word pos="VBZ">is </word><word pos="CJS">as </word><word pos="PRP">along </word><word pos="PNP">it </word><word pos="VBD">was </word><word pos="AJ0">boring </word><word pos="CJS">when </word><word pos="PNP">we </word><word pos="VVD">arrived </word><word pos="PRP">to </word><word pos="NP0">Benghazi </word><word pos="PNP">we </word><word pos="AJ0">hungry </word><word pos="PNP">we </word><word pos="VVD">ate </word><word pos="AT0">the </word><word pos="AT0">the </word><word pos="NN1">restaurant </word><word pos="AT0">The </word><word pos="PNP">we </word><word pos="VVD">went </word><word pos="NP0">Darna 
</word><word pos="VBD">was </word><word pos="AV0">so </word><word pos="AJ0">beautiful </word><word pos="PUN">. </word></corpus>

</text>
  </corpus>
  
</root>