<root>

  <corpus>
    <metadata>
    </metadata>
    <text Faculty="Human Sciences" Semester="3" Age="20" Time_spent_at_an_EnglishSpeaking_country="X" Topic="Sport" Title="Sports">
<corpus><word pos="NN1">exercise </word><word pos="VBZ">is </word><word pos="AV0">very </word><word pos="AJ0">good </word><word pos="PRP">for </word><word pos="DPS">your </word><word pos="NN1">health </word><word pos="PNP">it </word><word pos="VVZ">makes </word><word pos="DPS">your </word><word pos="NN1">body </word><word pos="AJ0">strong </word><word pos="CJC">and </word><word pos="VVZ">helps </word><word pos="PNP">you </word><word pos="VVI">feel </word><word pos="AJ0">happy </word><word pos="PUN">. </word></corpus>

</text>
  </corpus>
  
</root>