<?xml version='1.0' encoding='utf-8'?>
<root>
  <corpus>
    <text>
      <metadata>
        <Faculty>Human Sciences</Faculty>
        <Semester>2</Semester>
        <Age>19</Age>
        <Time_spent_at_an_EnglishSpeaking_country>X</Time_spent_at_an_EnglishSpeaking_country>
        <Topic>a special place</Topic>
        <Title>a special place</Title>
        </metadata>
      <body>
        <word pos="AT0">a</word>
        <word pos="AJ0">special</word>
        <word pos="NN1">place</word>
        <word pos="PRP">for</word>
        <word pos="PNP">me</word>
        <word pos="PNP">it</word>
        <word pos="VBZ">is</word>
        <word pos="DPS">my</word>
        <word pos="NN1">grandmother</word>
        <word pos="NN1">house</word>
        <word pos="PUN">,</word>
        <word pos="PNP">she</word>
        <word pos="VBZ">is</word>
        <word pos="VVN">died</word>
        <word pos="PRP">from</word>
        <word pos="CRD">two</word>
        <word pos="NN1">year</word>
        <word pos="AV0">ago</word>
        <word pos="PUN">,</word>
        <word pos="CJC">but</word>
        <word pos="PNP">I</word>
        <word pos="VVB">feel</word>
        <word pos="CJS">like</word>
        <word pos="PNP">she</word>
        <word pos="VBZ">is</word>
        <word pos="PRP">with</word>
        <word pos="PNP">me</word>
        <word pos="PRP">on</word>
        <word pos="AT0">the</word>
        <word pos="NN1">life</word>
        <word pos="CJC">and</word>
        <word pos="CJS">when</word>
        <word pos="PNP">I</word>
        <word pos="VVB">visit</word>
        <word pos="DPS">her</word>
        <word pos="AJ0">old</word>
        <word pos="NN1">house</word>
        <word pos="PNP">I</word>
        <word pos="VVB">remember</word>
        <word pos="AT0">the</word>
        <word pos="NN1">time</word>
        <word pos="CJT">that</word>
        <word pos="PNP">we</word>
        <word pos="VVB">spend</word>
        <word pos="PRP">with</word>
        <word pos="NN2">others</word>
        <word pos="DT0">that</word>
        <word pos="VBD">was</word>
        <word pos="AT0">the</word>
        <word pos="AJS">best</word>
        <word pos="NN1">time</word>
        <word pos="PRP">for</word>
        <word pos="PNP">me</word>
        <word pos="PNP">she</word>
        <word pos="VBD">was</word>
        <word pos="VVB">tell</word>
        <word pos="NN2">stories</word>
        <word pos="PRP">for</word>
        <word pos="PNP">me</word>
        <word pos="CJC">and</word>
        <word pos="VVB">learn</word>
        <word pos="PNP">me</word>
        <word pos="AVQ">how</word>
        <word pos="TO0">to</word>
        <word pos="VVI">cook</word>
        <word pos="PUN">.</word>
        <word pos="PNP">I</word>
        <word pos="VVB">love</word>
        <word pos="DT0">this</word>
        <word pos="NN1">house</word>
        <word pos="PNP">it</word>
        <word pos="VBZ">'s</word>
        <word pos="AT0">a</word>
        <word pos="AJ0">special</word>
        <word pos="NN1">place</word>
        <word pos="PRP">for</word>
        <word pos="PNP">me</word>
        </body>
      </text>
    </corpus>
  </root>
