<?xml version='1.0' encoding='utf-8'?>
<root>
  <corpus>
    <text>
      <metadata>
        <Faculty>Human Sciences</Faculty>
        <Semester>4</Semester>
        <Age>22</Age>
        <Time_spent_at_an_EnglishSpeaking_country>none</Time_spent_at_an_EnglishSpeaking_country>
        <Topic>Describing a picture</Topic>
        <Title>The dog and boy</Title>
        </metadata>
      <body>
        <word pos="PRP">On</word>
        <word pos="NN1">Sunday</word>
        <word pos="PUN">.</word>
        <word pos="AT0">A</word>
        <word pos="AJ0">little</word>
        <word pos="NN1">boy</word>
        <word pos="VVD">lived</word>
        <word pos="PRP">in</word>
        <word pos="AT0">a</word>
        <word pos="AJ0">beautiful</word>
        <word pos="NN1">house</word>
        <word pos="PRP">with</word>
        <word pos="DPS">his</word>
        <word pos="NN1">family</word>
        <word pos="CJC">and</word>
        <word pos="DPS">his</word>
        <word pos="AJ0">loving</word>
        <word pos="NN1">dog</word>
        <word pos="PUN">,</word>
        <word pos="AT0">the</word>
        <word pos="NN1">dog</word>
        <word pos="CJC">and</word>
        <word pos="AT0">the</word>
        <word pos="NN1">boy</word>
        <word pos="AV0">always</word>
        <word pos="VVN">played</word>
        <word pos="AV0">together</word>
        <word pos="CJC">and</word>
        <word pos="VBD">were</word>
        <word pos="AJ0">happy</word>
        <word pos="PUN">,</word>
        <word pos="CJC">but</word>
        <word pos="DT0">that</word>
        <word pos="NN1">day</word>
        <word pos="AVQ">when</word>
        <word pos="AT0">the</word>
        <word pos="NN1">dog</word>
        <word pos="VVD">went</word>
        <word pos="PRP">to</word>
        <word pos="AT0">the</word>
        <word pos="NN1">boy</word>
        <word pos="PNP">he</word>
        <word pos="VVD">saw</word>
        <word pos="CJT">that</word>
        <word pos="PNP">he</word>
        <word pos="VBD">was</word>
        <word pos="AV0">very</word>
        <word pos="AJ0">sad</word>
        <word pos="VVD">realized</word>
        <word pos="CJT">that</word>
        <word pos="PNP">he</word>
        <word pos="VDD">did</word>
        <word pos="XX0">n't</word>
        <word pos="VVD">went</word>
        <word pos="TO0">to</word>
        <word pos="VVI">play</word>
        <word pos="AV0">at</word>
        <word pos="AV0">all</word>
        <word pos="PUN">.</word>
        <word pos="AT0">The</word>
        <word pos="NN1">dog</word>
        <word pos="VVD">went</word>
        <word pos="TO0">to</word>
        <word pos="VVI">bring</word>
        <word pos="NN1">bread</word>
        <word pos="PRP">for</word>
        <word pos="AT0">the</word>
        <word pos="NN1">boy</word>
        <word pos="PUN">.</word>
        </body>
      </text>
    </corpus>
  </root>
