<root>

  <corpus>
    <metadata>
    </metadata>
    <text Faculty="Human Sciences" Semester="2" Age="19" Time_spent_at_an_EnglishSpeaking_country="X" Topic="An event changes your life" Title="An event change my live">
<corpus><word pos="AT0">An </word><word pos="NN1">event </word><word pos="CJT">that </word><word pos="VVD">changed </word><word pos="PRP">in </word><word pos="DPS">my </word><word pos="NN1">life </word><word pos="VBD">was </word><word pos="NN1">day </word><word pos="DPS">my </word><word pos="NN1">marriage </word><word pos="PUN">. 
</word><word pos="PNP">I </word><word pos="VM0">will </word><word pos="VVG">living </word><word pos="AJ0">new </word><word pos="NN1">life </word><word pos="PUN">. </word><word pos="PNP">I </word><word pos="VVD">felt </word><word pos="AJ0">sad </word><word pos="CJC">and </word><word pos="NN1">stress </word><word pos="CJS">because </word><word pos="AJ0">married </word><word pos="NN1">age </word><word pos="AV0">only </word><word pos="CRD">15 </word><word pos="NN2">years </word><word pos="AJ0">old </word><word pos="PUN">. </word></corpus>
  
</text>
  </corpus>
  
</root>