<root>

  <corpus>
    <metadata>
    </metadata>
<text Faculty="Human Sciences" Semester="7" Age="22" Time_spent_at_an_EnglishSpeaking_country="X" Topic="Some people feel that legal age at which people can marry should be at least 21. To what extent do you agree or disagree?" Title="Some people feel that legal age at which people can marry should be at least 21 To what extent do you agree or disagree?">
<corpus><word pos="DT0">Some </word><word pos="NN0">people </word><word pos="NN1">thing </word><word pos="DT0">that </word><word pos="CJC">but </word><word pos="PRP">In </word><word pos="DPS">my </word><word pos="NN1">opinion </word><word pos="PNP">I </word><word pos="VVB">disagree </word><word pos="PRP">with </word><word pos="CJS">because </word><word pos="PNP">we </word><word pos="VM0">must </word><word pos="VVI">complete </word><word pos="DPS">our </word><word pos="NN1">study </word><word pos="CJC">and </word><word pos="VVI">become </word><word pos="AV0">more </word><word pos="AJC">younger </word><word pos="PUN">. </word></corpus>

</text>
  </corpus>
  
</root>