<root>

  <corpus>
    <metadata>
    </metadata>
    <text Faculty="Human Sciences" Semester="1" Age="20" Time_spent_at_an_EnglishSpeaking_country="none" Topic="hobbies" Title="hobbies">
<corpus><word pos="DPS">My </word><word pos="NN2">hobbies </word><word pos="VBZ">is </word><word pos="VVG">reading </word><word pos="VVG">writing </word><word pos="CJC">and </word><word pos="VVG">cooking </word><word pos="CJC">and </word><word pos="AT0">the </word><word pos="VVG">shopping </word><word pos="DPS">My </word><word pos="AJ0">favorite </word><word pos="NN2">hobbies </word><word pos="VBZ">is </word><word pos="VVG">reading </word><word pos="NN2">novels </word><word pos="PRP">in </word><word pos="NN1">English </word><word pos="CJS">because </word><word pos="PNP">I </word><word pos="VVB">need </word><word pos="TO0">to </word><word pos="VVI">learn </word><word pos="NN1">English </word><word pos="CJC">and </word><word pos="VVG">shopping </word><word pos="CJS">because </word><word pos="PNP">I </word><word pos="VVB">need </word><word pos="AJ0">full </word><word pos="NN1">wardrobe </word></corpus>
  
</text>
  </corpus>
  
</root>