<?xml version='1.0' encoding='utf-8'?>
<root>
  <corpus>
    <text>
      <metadata>
        <Faculty>Human Sciences</Faculty>
        <Semester>2</Semester>
        <Age>19</Age>
        <Time_spent_at_an_EnglishSpeaking_country>X</Time_spent_at_an_EnglishSpeaking_country>
        <Topic>Your best memory</Topic>
        <Title>your best memory</Title>
        </metadata>
      <body>
        <word pos="DPS">Your</word>
        <word pos="AJS">best</word>
        <word pos="NN1">memory</word>
        <word pos="VBD">was</word>
        <word pos="CJS">when</word>
        <word pos="PNP">I</word>
        <word pos="VVD">went</word>
        <word pos="PRP">to</word>
        <word pos="AT0">the</word>
        <word pos="NN1">supermarket</word>
        <word pos="CJC">and</word>
        <word pos="PNP">I</word>
        <word pos="VVB">meet</word>
        <word pos="PRP">with</word>
        <word pos="DPS">my</word>
        <word pos="NN2">friends</word>
        <word pos="CJC">and</word>
        <word pos="VVD">went</word>
        <word pos="PRP">to</word>
        <word pos="VVG">shopping</word>
        <word pos="PRP">with</word>
        <word pos="AV0">together</word>
        <word pos="PNP">It</word>
        <word pos="VBZ">is</word>
        <word pos="VBD">was</word>
        <word pos="AT0">a</word>
        <word pos="AJ0">great</word>
        <word pos="NN1">day</word>
        <word pos="CJS">because</word>
        <word pos="PNP">I</word>
        <word pos="VVB">love</word>
        <word pos="NN0">mt</word>
        <word pos="NN2">friends</word>
        <word pos="AV0">so</word>
        <word pos="DT0">much</word>
        <word pos="PNP">I</word>
        <word pos="VHB">have</word>
        <word pos="CRD">four</word>
        <word pos="NN2">friends</word>
        <word pos="AT0">The</word>
        <word pos="ORD">second</word>
        <word pos="DPS">my</word>
        <word pos="AJS">best</word>
        <word pos="NN1">memory</word>
        <word pos="CJS">When</word>
        <word pos="PNP">I</word>
        <word pos="CJC">and</word>
        <word pos="DPS">my</word>
        <word pos="NN1">family</word>
        <word pos="VVD">went</word>
        <word pos="PRP">to</word>
        <word pos="AT0">the</word>
        <word pos="NN1">sea</word>
        <word pos="PNP">I</word>
        <word pos="VVB">love</word>
        <word pos="AT0">the</word>
        <word pos="NN1">sea</word>
        <word pos="CJC">and</word>
        <word pos="PNP">I</word>
        <word pos="VVD">walked</word>
        <word pos="PRP">on</word>
        <word pos="AT0">the</word>
        <word pos="NN1">beach</word>
        <word pos="CJC">and</word>
        <word pos="VVG">swimming</word>
        <word pos="CJC">and</word>
        <word pos="VBD">was</word>
        <word pos="AT0">the</word>
        <word pos="NN1">weather</word>
        <word pos="PNP">It</word>
        <word pos="VBZ">is</word>
        <word pos="AV0">very</word>
        <word pos="AJ0">hot</word>
        <word pos="PUN">,</word>
        <word pos="CJC">and</word>
        <word pos="VVD">ate</word>
        <word pos="AT0">a</word>
        <word pos="NN1">lot</word>
        <word pos="PRF">of</word>
        <word pos="NN1">food</word>
        <word pos="CJT">that</word>
        <word pos="PNP">I</word>
        <word pos="VVD">liked</word>
        <word pos="CJC">so</word>
        <word pos="VBD">was</word>
        <word pos="AT0">the</word>
        <word pos="AJS">best</word>
        <word pos="NN1">memory</word>
        <word pos="PRP">for</word>
        <word pos="PNP">me</word>
        </body>
      </text>
    </corpus>
  </root>
