<root>

  <corpus>
    <metadata>
    </metadata>
    <text Faculty="Human Sciences" Semester="3" Age="20" Time_spent_at_an_EnglishSpeaking_country="3 months" Topic="Social media" Title="Social media">
<corpus><word pos="AJ0">Social </word><word pos="NN0">media </word><word pos="VVD">changed </word><word pos="AT0">the </word><word pos="NN1">world </word><word pos="PRP">in </word><word pos="AJ0">different </word><word pos="NN2">ways </word><word pos="CJT">that </word><word pos="PNP">we </word><word pos="VM0">can </word><word pos="AV0">still </word><word pos="AV0">today </word><word pos="AT0">the </word><word pos="NN1">History </word><word pos="PRF">of </word><word pos="AT0">the </word><word pos="AJ0">social </word><word pos="NN0">media </word><word pos="NP0">Facebook </word><word pos="VBD">was </word><word pos="VVN">discovered </word><word pos="PRP">in </word><word pos="CRD">2004 </word><word pos="CRD">2006 </word><word pos="VVD">discovered </word><word pos="AT0">the </word><word pos="NN1">twitter </word><word pos="AJ0">Social </word><word pos="NN0">media </word><word pos="VVZ">begins </word><word pos="CJS">as </word><word pos="NN0">people </word><word pos="PRP">from </word><word 
pos="AV0">all </word><word pos="PRP">over </word><word pos="AT0">the </word><word pos="NN1">world </word><word pos="VVB">use </word><word pos="PNP">it </word><word pos="PRP">in </word><word pos="CRD">2022 </word><word pos="AJ0">social </word><word pos="NN0">media </word><word pos="VVB">become </word><word pos="AV0">more </word><word pos="AJ0">difficult </word><word pos="TO0">to </word><word pos="VVI">make </word><word pos="NN1">control </word><word pos="PRP">in </word><word pos="PNP">it </word><word pos="AJ0">Social </word><word pos="NN0">media </word><word pos="PRP">in </word><word pos="AT0">the </word><word pos="NN2">countries </word><word pos="PNP">it </word><word pos="VBZ">'s </word><word pos="AJ0">different </word><word pos="PRP">in </word><word pos="NN1">example </word><word pos="AT0">the </word><word pos="NN0">people </word><word pos="PRP">in </word><word pos="DT0">this </word><word pos="NN2">countries </word><word pos="VVB">use </word><word pos="AT0">the </word><word pos="AJ0">social </word><word pos="NN0">media </word><word pos="AV0">less </word><word pos="CJS">than </word><word pos="AJ0">other </word><word pos="NN2">countries </word><word pos="NN2">effects </word><word pos="PRF">of </word><word pos="AJ0">social </word><word pos="NN0">media </word><word pos="AV0">today </word><word pos="AJ0">social </word><word pos="NN0">media </word><word pos="NN2">effects </word><word pos="PRP">in </word><word pos="CRD">two </word><word pos="NN2">ways </word><word pos="ORD">first </word><word pos="CRD">one </word><word pos="PRP">in </word><word pos="AJ0">positive </word><word pos="NN2">ways </word><word pos="CJC">and </word><word pos="AJ0">negative </word><word pos="NN2">ways </word><word pos="CJS">Because </word><word pos="DT0">some </word><word pos="NN0">people </word><word pos="VVB">use </word><word pos="AJ0">social </word><word pos="NN0">media </word><word pos="PRP">in </word><word pos="AJ0">bad </word><word pos="NN2">ways </word><word pos="PUN">. </word><word pos="AJ0">social </word><word pos="VBZ">is </word><word pos="AV0">very </word><word pos="AJ0">popular </word><word pos="AV0">almost </word><word pos="NN0">people </word><word pos="PRP">in </word><word pos="AT0">the </word><word pos="NN1">world </word><word pos="VVB">use </word><word pos="PNP">it </word><word pos="VBZ">is </word><word pos="CRD">one </word><word pos="PRF">of </word><word pos="AT0">the </word><word pos="AV0">most </word><word pos="AJ0">important </word><word pos="NN1">contact </word><word pos="PRP">between </word><word pos="NN0">people </word><word pos="PRP">in </word><word pos="AJ0">different </word><word pos="NN2">countries </word><word pos="CJC">and </word><word pos="AT0">the </word><word pos="DT0">some </word><word pos="NN2">countries </word><word pos="AV0">also </word><word pos="CRD">one </word><word pos="PRF">of </word><word pos="AT0">the </word><word pos="AJS">Best </word><word pos="NN2">ways </word><word pos="PRP">in </word><word pos="VVG">teaching </word><word pos="AJ0">social </word><word pos="NN0">media </word><word pos="PNP">it </word><word pos="VBZ">'s </word><word pos="VVG">changing </word><word pos="PRP">from </word><word pos="ORD">first </word><word pos="NN1">history </word><word pos="PRF">of </word><word pos="PNP">it </word><word pos="PRP">until </word><word pos="AV0">now </word><word pos="AJ0">social </word><word pos="NN0">media </word><word pos="VVB">help </word><word pos="AT0">a </word><word pos="NN1">lot </word><word pos="PRF">of </word><word pos="NN0">people </word><word pos="PRP">in </word><word pos="DPS">their </word><word pos="NN2">works </word><word pos="PUN">. </word><word pos="DPS">their </word><word pos="NN1">office </word><word pos="PRP">in </word><word pos="DPS">their </word><word pos="NN2">studies </word><word pos="PNP">it </word><word pos="VVB">make </word><word pos="AT0">the </word><word pos="NN1">life </word><word pos="AV0">more </word><word pos="AJ0">easy </word><word pos="CJS">than </word><word pos="PRP">Before </word><word pos="AJ0">social </word><word pos="NN0">media </word><word pos="VBZ">is </word><word pos="AV0">still </word><word pos="AJ0">important </word><word pos="CJC">and </word><word pos="PNP">it </word><word pos="VM0">will </word><word pos="VVI">continue </word><word pos="PRP">for </word><word pos="AJ0">whole </word><word pos="NN1">life </word><word pos="PUN">. </word></corpus>

</text>
  </corpus>
  
</root>