<root>

  <corpus>
    <metadata>
    </metadata>
    <text Faculty="Human Sciences" Semester="6" Age="20" Time_spent_at_an_EnglishSpeaking_country="X" Topic="Eating at restaurants with your family is a good way to build family ties" Title="Eating at restourant with your family is good way to build family ties">
<corpus><word pos="VVG">Eating </word><word pos="PRP">at </word><word pos="NN1">restaurant </word><word pos="PRP">with </word><word pos="DPS">my </word><word pos="NN1">family </word><word pos="VBZ">is </word><word pos="CRD">one </word><word pos="PRF">of </word><word pos="AJ0">good </word><word pos="NN1">way </word><word pos="TO0">to </word><word pos="VVI">build </word><word pos="NN1">family </word><word pos="NN2">ties </word><word pos="PUN">. </word><word pos="CJS">Because </word><word pos="PNP">we </word><word pos="VHB">have </word><word pos="AT0">a </word><word pos="NN1">time </word><word pos="PRP">with </word><word pos="VVG">laughing </word><word pos="CJC">and </word><word pos="VVG">sharing </word><word pos="AT0">the </word><word pos="NN1">speech </word><word pos="PRP">with </word><word pos="PNX">each </word><word pos="PNX">other </word><word pos="PUN">. </word><word pos="PNP">We </word><word pos="VVB">discover </word><word pos="AT0">a </word><word pos="AJ0">new </word><word pos="NN1">food </word><word pos="CJC">and </word><word pos="PNP">we </word><word pos="VVB">share </word><word pos="AT0">the </word><word pos="NN2">comments </word><word 
pos="PRP">about </word><word pos="PNP">it </word><word pos="PUN">. </word><word pos="PNP">we </word><word pos="VVB">help </word><word pos="PNX">each </word><word pos="PNX">other </word><word pos="TO0">to </word><word pos="VVI">choose </word><word pos="AT0">the </word><word pos="NN1">type </word><word pos="PRF">of </word><word pos="NN1">food </word><word pos="CJC">and </word><word pos="PNP">we </word><word pos="VVB">benefit </word><word pos="PRP">from </word><word pos="AT0">the </word><word pos="NN2">experiences </word><word pos="CJT">that </word><word pos="PNP">we </word><word pos="VVD">ate </word><word pos="AT0">the </word><word pos="NN1">food </word><word pos="PRP">from </word><word pos="DT0">this </word><word pos="NN1">restaurant </word><word pos="AV0">before </word><word pos="PUN">. </word><word pos="PNP">We </word><word pos="VVG">setting </word><word pos="AV0">near </word><word pos="PRP">from </word><word pos="PNX">each </word><word pos="PNX">other </word><word pos="CJC">and </word><word pos="PNP">we </word><word pos="VVG">eating </word><word pos="AT0">the </word><word pos="NN1">food </word><word pos="PRP">at </word><word pos="AT0">the </word><word pos="DT0">same </word><word pos="NN1">time </word><word pos="PUN">. </word><word pos="VVG">Eating </word><word pos="PRP">at </word><word pos="NN1">restaurant </word><word pos="PRP">with </word><word pos="DPS">my </word><word pos="NN1">family </word><word pos="AV0">really </word><word pos="VBZ">is </word><word pos="AT0">a </word><word pos="AJ0">good </word><word pos="NN1">way </word><word pos="TO0">to </word><word pos="VVI">build </word><word pos="NN1">family </word><word pos="AJ0">strong </word><word pos="CJC">and </word><word pos="AJ0">beautiful </word><word pos="PUN">. </word></corpus>

</text>
  </corpus>
  
</root>