<?xml version='1.0' encoding='utf-8'?>
<root>
  <corpus>
    <text>
      <metadata>
        <Faculty>Human Sciences</Faculty>
        <Semester>6</Semester>
        <Age>23</Age>
        <Time_spent_at_an_EnglishSpeaking_country>X</Time_spent_at_an_EnglishSpeaking_country>
        <Topic>Eating at restaurants with your family is a good way to build family ties</Topic>
        <Title>Eating at restaurants with your family is a good way to build family</Title>
        </metadata>
      <body>
        <word pos="PNP">I</word>
        <word pos="VVB">believe</word>
        <word pos="CJT">that</word>
        <word pos="VVG">eating</word>
        <word pos="AV0">together</word>
        <word pos="PRP">with</word>
        <word pos="DPS">your</word>
        <word pos="NN1">family</word>
        <word pos="VVI">develop</word>
        <word pos="AJ0">excellent</word>
        <word pos="NN1">family</word>
        <word pos="NN2">relationships</word>
        <word pos="PUN">.</word>
        <word pos="VHG">Having</word>
        <word pos="VVN">set</word>
        <word pos="NN1">time</word>
        <word pos="PRF">of</word>
        <word pos="AT0">the</word>
        <word pos="NN1">day</word>
        <word pos="TO0">to</word>
        <word pos="VVI">spend</word>
        <word pos="PRP">with</word>
        <word pos="DPS">your</word>
        <word pos="NN1">family</word>
        <word pos="VBZ">is</word>
        <word pos="AV0">very</word>
        <word pos="PUN">.</word>
        <word pos="VHG">Having</word>
        <word pos="NN1">family</word>
        <word pos="NN1">time</word>
        <word pos="VBZ">is</word>
        <word pos="AJS">best</word>
        <word pos="NN1">way</word>
        <word pos="TO0">to</word>
        <word pos="VVI">keep</word>
        <word pos="DPS">your</word>
        <word pos="NN1">family</word>
        <word pos="AV0">together</word>
        <word pos="PUN">.</word>
        <word pos="NN2">Conversations</word>
        <word pos="PRP">with</word>
        <word pos="DPS">your</word>
        <word pos="NN1">family</word>
        <word pos="VVB">give</word>
        <word pos="PNP">you</word>
        <word pos="NN1">opportunity</word>
        <word pos="TO0">to</word>
        <word pos="VVI">bond</word>
        <word pos="VVI">plan</word>
        <word pos="CJC">and</word>
        <word pos="VVI">learn</word>
        <word pos="PRP">from</word>
        <word pos="PNX">one</word>
        <word pos="PNX">another</word>
        <word pos="PUN">.</word>
        <word pos="PRP">In</word>
        <word pos="AT0">the</word>
        <word pos="NN1">conclusion</word>
        <word pos="PUN">,</word>
        <word pos="VVG">Eating</word>
        <word pos="PRP">at</word>
        <word pos="NN2">restaurants</word>
        <word pos="PRP">with</word>
        <word pos="DPS">your</word>
        <word pos="NN1">family</word>
        <word pos="PNP">it</word>
        <word pos="VVB">help</word>
        <word pos="VVI">save</word>
        <word pos="NN1">money</word>
        <word pos="PUN">.</word>
        </body>
      </text>
    </corpus>
  </root>
