<root>

  <corpus>
    <metadata>
    </metadata>
    <text Faculty="Human Sciences" Semester="1" Age="19" Time_spent_at_an_EnglishSpeaking_country="X" Topic="family" Title="family">
<corpus><word pos="PNP">I </word><word pos="VHB">have </word><word pos="VBZ">is </word><word pos="NN1">family </word><word pos="PNP">I </word><word pos="VHB">have </word><word pos="CRD">four </word><word pos="NN2">sisters </word><word pos="CJC">and </word><word pos="CRD">two </word><word pos="NN2">brothers </word><word pos="NN1">mum </word><word pos="CJC">and </word><word pos="NN1">dad </word><word pos="DPS">my </word><word pos="NN1">family </word><word pos="PNP">I </word><word pos="VVB">love 
</word><word pos="PNP">me </word><word pos="PUN">, </word><word pos="PNP">I </word><word pos="VVB">love </word><word pos="NN1">family </word><word pos="AV0">so </word><word pos="DT0">much </word></corpus>
  
</text>
  </corpus>
  
</root>