<root>

  <corpus>
    <metadata>
    </metadata>
    <text Faculty="Human Sciences" Semester="2" Age="18" Time_spent_at_an_EnglishSpeaking_country="X" Topic="Your best memory" Title="your best memory">
<corpus><word pos="DPS">My </word><word pos="DT0">all </word><word pos="AJS">best </word><word pos="NN1">memory </word><word pos="PRP">with </word><word pos="DPS">my 
</word><word pos="NN1">friend </word><word pos="CJC">and </word><word pos="DPS">my </word><word pos="NN1">family </word><word pos="PUN">, </word><word pos="DT0">All </word><word pos="DT0">this </word><word pos="AT0">the </word><word pos="NN1">memory </word><word pos="VBZ">is </word><word pos="PRP">in </word><word pos="AT0">the </word><word pos="NN1">home </word><word pos="CJC">or </word><word pos="NN2">activities </word><word pos="PRP">in </word><word pos="DPS">my </word><word pos="NN1">school </word><word pos="CJC">or </word><word pos="NN1">college </word><word pos="PUN">. </word><word pos="PNP">I </word><word pos="VVB">love </word><word pos="DT0">this </word><word pos="AT0">the </word><word pos="NN1">memory </word><word pos="PUN">, </word><word pos="PNP">I </word><word pos="VM0">will </word><word pos="AV0">again </word><word pos="DT0">these </word><word pos="PUN">. </word></corpus>

</text>
  </corpus>
  
</root>