<?xml version='1.0' encoding='utf-8'?>
<root>
  <corpus>
    <text>
      <metadata>
        <Faculty>Human Sciences</Faculty>
        <Semester>2</Semester>
        <Age>22</Age>
        <Time_spent_at_an_EnglishSpeaking_country>X</Time_spent_at_an_EnglishSpeaking_country>
        <Topic>your best memory</Topic>
        <Title>your best memory</Title>
        </metadata>
      <body>
        <word pos="DPS">My</word>
        <word pos="AJS">best</word>
        <word pos="NN1">memory</word>
        <word pos="VVD">happened</word>
        <word pos="PRP">in</word>
        <word pos="DPS">my</word>
        <word pos="AJ0">whole</word>
        <word pos="NN1">life</word>
        <word pos="CJS">when</word>
        <word pos="PNP">I</word>
        <word pos="VBD">was</word>
        <word pos="VVB">live</word>
        <word pos="PRP">in</word>
        <word pos="NP0">tunisia</word>
        <word pos="PUN">,</word>
        <word pos="PNP">it</word>
        <word pos="VBD">was</word>
        <word pos="CJS">when</word>
        <word pos="VBD">was</word>
        <word pos="PNP">I</word>
        <word pos="PRP">at</word>
        <word pos="CRD">10</word>
        <word pos="PUN">,</word>
        <word pos="PNP">I</word>
        <word pos="VVD">traveled</word>
        <word pos="PRP">with</word>
        <word pos="DPS">my</word>
        <word pos="NN1">dad</word>
        <word pos="PRP">to</word>
        <word pos="DT0">another</word>
        <word pos="NN1">city</word>
        <word pos="PRP">by</word>
        <word pos="AT0">the</word>
        <word pos="NN1">car</word>
        <word pos="DPS">its</word>
        <word pos="NN2">names</word>
        <word pos="NP0">Hammamat</word>
        <word pos="PUN">,</word>
        <word pos="DPS">its</word>
        <word pos="AT0">a</word>
        <word pos="AJ0">beautiful</word>
        <word pos="NN1">city</word>
        <word pos="CJC">and</word>
        <word pos="PNP">it</word>
        <word pos="VHZ">has</word>
        <word pos="AT0">a</word>
        <word pos="AJ0">nice</word>
        <word pos="NN1">sea</word>
        <word pos="PUN">.</word>
        <word pos="DT0">This</word>
        <word pos="NN1">city</word>
        <word pos="AV0">always</word>
        <word pos="VVD">crowded</word>
        <word pos="CJS">because</word>
        <word pos="PNP">it</word>
        <word pos="VBZ">'s</word>
        <word pos="NN1">tourist</word>
        <word pos="NN1">city</word>
        <word pos="CJC">so</word>
        <word pos="PNP">you</word>
        <word pos="VM0">will</word>
        <word pos="VVI">meet</word>
        <word pos="AT0">a</word>
        <word pos="NN1">lot</word>
        <word pos="PRF">of</word>
        <word pos="NN0">people</word>
        <word pos="PRP">from</word>
        <word pos="AJ0">different</word>
        <word pos="NN1">country</word>
        <word pos="PUN">,</word>
        <word pos="PNP">I</word>
        <word pos="VVB">spend</word>
        <word pos="AT0">the</word>
        <word pos="AJ0">whole</word>
        <word pos="NN1">day</word>
        <word pos="PRP">with</word>
        <word pos="DPS">my</word>
        <word pos="NN1">dad</word>
        <word pos="PUN">,</word>
        <word pos="PNP">I</word>
        <word pos="VVD">bought</word>
        <word pos="PRP">to</word>
        <word pos="PNP">me</word>
        <word pos="AT0">an</word>
        <word pos="NN1">ice</word>
        <word pos="NN1">cream</word>
        <word pos="PUN">,</word>
        <word pos="NN1">chocolate</word>
        <word pos="PUN">,</word>
        <word pos="DT0">some</word>
        <word pos="AJ0">cold</word>
        <word pos="NN2">drinks</word>
        <word pos="PUN">.</word>
        <word pos="AV0">Also</word>
        <word pos="PNP">we</word>
        <word pos="VVD">got</word>
        <word pos="AT0">a</word>
        <word pos="AJ0">delicious</word>
        <word pos="NN1">lunch</word>
        <word pos="PRP">in</word>
        <word pos="AJ0">nice</word>
        <word pos="NN1">restaurant</word>
        <word pos="PUN">...</word>
        <word pos="PRP">At</word>
        <word pos="AT0">the</word>
        <word pos="NN1">end</word>
        <word pos="PRF">of</word>
        <word pos="AT0">the</word>
        <word pos="NN1">day</word>
        <word pos="PNP">we</word>
        <word pos="AVP">back</word>
        <word pos="AV0">home</word>
        <word pos="CJC">and</word>
        <word pos="PNP">I</word>
        <word pos="VBD">was</word>
        <word pos="AV0">very</word>
        <word pos="AJ0">happy</word>
        <word pos="CJS">because</word>
        <word pos="PNP">I</word>
        <word pos="VVD">spent</word>
        <word pos="DPS">my</word>
        <word pos="NN1">day</word>
        <word pos="PRP">with</word>
        <word pos="AT0">the</word>
        <word pos="NN1">person</word>
        <word pos="PNP">I</word>
        <word pos="VM0">'ll</word>
        <word pos="VVI">love</word>
        <word pos="PNP">him</word>
        <word pos="PRP">for</word>
        <word pos="DPS">my</word>
        <word pos="AJ0">whole</word>
        <word pos="NN1">life</word>
        <word pos="PUN">..</word>
        </body>
      </text>
    </corpus>
  </root>
