<?xml version='1.0' encoding='utf-8'?>
<root>
  <corpus>
    <text>
      <metadata>
        <Faculty>Human Sciences</Faculty>
        <Semester>2</Semester>
        <Age>19</Age>
        <Time_spent_at_an_EnglishSpeaking_country>X</Time_spent_at_an_EnglishSpeaking_country>
        <Topic>A special place</Topic>
        <Title>A special place</Title>
        </metadata>
      <body>
        <word pos="PNP">I</word>
        <word pos="VVB">like</word>
        <word pos="NN1">place</word>
        <word pos="AT0">the</word>
        <word pos="NN1">sea</word>
        <word pos="VBZ">is</word>
        <word pos="AV0">very</word>
        <word pos="AJ0">important</word>
        <word pos="AJ0">late</word>
        <word pos="PNP">me</word>
        <word pos="PUN">,</word>
        <word pos="VBZ">is</word>
        <word pos="AJ0">nice</word>
        <word pos="CJC">and</word>
        <word pos="AJ0">special</word>
        <word pos="AJ0">late</word>
        <word pos="PNP">me</word>
        <word pos="PUN">,</word>
        <word pos="CJC">and</word>
        <word pos="VVB">want</word>
        <word pos="TO0">to</word>
        <word pos="VVI">go</word>
        <word pos="AT0">the</word>
        <word pos="NN1">sea</word>
        <word pos="PNP">me</word>
        <word pos="CJC">and</word>
        <word pos="NN2">friends</word>
        <word pos="VBZ">is</word>
        <word pos="AV0">very</word>
        <word pos="AJ0">positive</word>
        <word pos="CJC">and</word>
        <word pos="VVB">go</word>
        <word pos="PRP">to</word>
        <word pos="AT0">every</word>
        <word pos="NN1">day</word>
        <word pos="PUN">.</word>
        </body>
      </text>
    </corpus>
  </root>
