<root>

  <corpus>
    <metadata>
    </metadata>
    <text Faculty="Human Sciences" Semester="1" Age="18" Time_spent_at_an_EnglishSpeaking_country="X" Topic="family" Title="family">
<corpus><word pos="DPS">My </word><word pos="NN1">family </word><word pos="VBZ">is </word><word pos="DPS">my </word><word pos="NN1">mother </word><word pos="CJC">and 
</word><word pos="DPS">my </word><word pos="NN1">father </word><word pos="CJC">and </word><word pos="CRD">three </word><word pos="NN2">brothers </word><word pos="CJC">and </word><word pos="CRD">one </word><word pos="NN1">sister </word><word pos="CJC">and </word><word pos="PNP">me </word><word pos="PUN">. </word><word pos="DPS">my 
</word><word pos="NN1">father </word><word pos="PNP">He </word><word pos="VBZ">is </word><word pos="NN1">work </word><word pos="NN1">Doctor </word><word pos="PRP">in 
</word><word pos="AT0">the </word><word pos="NN1">hospital </word><word pos="CJC">and </word><word pos="DPS">my </word><word pos="NN1">mother </word><word pos="PNP">she </word><word pos="VBZ">is </word><word pos="NN1">work </word><word pos="NN1">teacher </word><word pos="PRP">in </word><word pos="NN1">school </word><word pos="CJC">and </word><word pos="DPS">my </word><word pos="NN2">brothers </word><word pos="CJC">and </word><word pos="DPS">my </word><word pos="NN1">sister </word><word pos="PNP">They </word><word pos="VBB">are </word><word pos="VVB">study </word></corpus> 
</text>
  </corpus>
  
</root>