<?xml version='1.0' encoding='utf-8'?>
<root>
  <corpus>
    <text>
      <metadata>
        <Faculty>Human Sciences</Faculty>
        <Semester>4</Semester>
        <Age>20</Age>
        <Time_spent_at_an_EnglishSpeaking_country>X</Time_spent_at_an_EnglishSpeaking_country>
        <Topic>Describing a picture</Topic>
        <Title>The Dog home</Title>
        </metadata>
      <body>
        <word pos="CRD">One</word>
        <word pos="NN1">day</word>
        <word pos="EX0">there</word>
        <word pos="VBD">was</word>
        <word pos="AT0">a</word>
        <word pos="NN1">dog</word>
        <word pos="PNQ">who</word>
        <word pos="VVD">set</word>
        <word pos="PRP">in</word>
        <word pos="NN1">garden</word>
        <word pos="PRP">without</word>
        <word pos="NN1">home</word>
        <word pos="PUN">,</word>
        <word pos="NP0">Jone</word>
        <word pos="VM0">used</word>
        <word pos="TO0">to</word>
        <word pos="VVI">help</word>
        <word pos="NN2">animals</word>
        <word pos="PNQ">who</word>
        <word pos="VBD">were</word>
        <word pos="PRP">without</word>
        <word pos="NN1">home</word>
        <word pos="PUN">,</word>
        <word pos="NP0">Jone</word>
        <word pos="VVD">went</word>
        <word pos="CJC">and</word>
        <word pos="VVD">brought</word>
        <word pos="NN1">wood</word>
        <word pos="TO0">to</word>
        <word pos="VVI">build</word>
        <word pos="NN1">home</word>
        <word pos="PRP">to</word>
        <word pos="DT0">this</word>
        <word pos="NN1">dog</word>
        <word pos="TO0">to</word>
        <word pos="VBI">be</word>
        <word pos="AJ0">safe</word>
        <word pos="PRP">from</word>
        <word pos="AT0">the</word>
        <word pos="NN1">sun</word>
        <word pos="PUN">,</word>
        <word pos="NP0">Jone</word>
        <word pos="VVB">build</word>
        <word pos="AT0">the</word>
        <word pos="NN1">home</word>
        <word pos="CJC">and</word>
        <word pos="AT0">the</word>
        <word pos="VVD">became</word>
        <word pos="AJ0">happy</word>
        <word pos="CJC">and</word>
        <word pos="VVB">sleep</word>
        <word pos="PRP">at</word>
        <word pos="PNP">it</word>
        <word pos="VBZ">'s</word>
        <word pos="NN1">home</word>
        </body>
      </text>
    </corpus>
  </root>
