<root>

  <corpus>
    <metadata>
    </metadata>
    <text Faculty="Human Sciences" Semester="4" Age="33" Time_spent_at_an_EnglishSpeaking_country="X" Topic="Describing a picture" Title="Clear is always batter">
<corpus><word pos="NP0">Patte </word><word pos="VVZ">starts </word><word pos="VVG">receiving </word><word pos="NN2">gifts </word><word pos="CJS">while </word><word pos="PNP">she </word><word pos="VBZ">is </word><word pos="PRP">at </word><word pos="NN1">work </word><word pos="PUN">. </word><word pos="PNP">She </word><word pos="VDZ">does </word><word pos="XX0">n't </word><word pos="VVI">know </word><word pos="PNQ">who </word><word pos="PNP">they </word><word pos="VBB">are </word><word pos="PRP">from </word><word pos="PRP">as </word><word pos="NN1">week </word><word pos="PUN">, </word><word pos="VVB">go </word><word pos="AVP">by </word><word pos="PUN">, </word><word pos="AT0">the </word><word pos="NN2">gifts </word><word pos="VVG">getting </word><word pos="AV0">really </word><word pos="AJ0">strange </word><word pos="PUN">. </word><word pos="CJS">After </word><word pos="AT0">a </word><word pos="NN1">flower </word><word pos="CJC">and </word><word pos="VVG">recording </word><word pos="NN2">songs </word><word pos="PNP">she </word><word pos="VVD">got </word><word pos="AT0">a </word><word pos="AJ0">red </word><word pos="NN1">card </word><word pos="PRP">with </word><word pos="AT0">a </word><word pos="NN1">write </word><word pos="PRP">on </word><word pos="PNP">it </word><word pos="PNP">I </word><word pos="VVB">want </word><word pos="PNP">you </word><word pos="PUN">. </word><word pos="NP0">Patte </word><word pos="VVB">get </word><word pos="VVN">scarred </word><word pos="PUN">, </word><word pos="CJS">so </word><word pos="PNP">she </word><word pos="VVD">told </word><word pos="DPS">her </word><word pos="NN1">friend </word><word pos="NP0">Adam </word><word pos="PUN">. </word><word pos="NP0">Adam </word><word pos="VVD">knew </word><word pos="PNP">her </word><word pos="PRP">from </word><word pos="NN1">school </word><word pos="PUN">. </word><word pos="DT0">Many </word><word pos="NN2">years </word><word pos="AV0">ago </word><word pos="PUN">. </word><word pos="PNP">you </word><word pos="VM0">should </word><word pos="VVI">give </word><word pos="PNP">him </word><word pos="AT0">a </word><word pos="NN1">chance </word><word pos="NP0">Adam </word><word pos="VVD">said </word><word pos="PRP">to </word><word pos="NP0">Patte </word><word pos="PUN">. </word><word pos="PNP">She </word><word pos="VBD">was </word><word pos="VVG">feeling </word><word pos="AJ0">bad </word><word pos="CJC">and </word><word pos="AJ0">nervous </word><word pos="PUN">, </word><word pos="CJC">but </word><word pos="PNP">she </word><word pos="VVD">ripped </word><word pos="PRP">to </word><word pos="AT0">the </word><word pos="ORD">last </word><word pos="NN1">letter </word><word pos="PUN">. </word><word pos="DTQ">what </word><word pos="PRP">about </word><word pos="NN1">face </word><word pos="PRP">to </word><word pos="NN1">face </word><word pos="PUN">. </word><word pos="PNP">She </word><word pos="VVD">got </word><word pos="AT0">the </word><word pos="VVI">respond </word><word pos="PUL">( </word><word 
pos="AV0">Tonight </word><word pos="PRP">in </word><word pos="AT0">the </word><word pos="NN1">garden </word><word pos="PRP">on </word><word pos="AT0">the </word><word pos="ORD">third </word><word pos="NN1">chair </word><word pos="PUR">) </word><word pos="PUN">. </word><word pos="PNP">She </word><word pos="VBD">was </word><word pos="AV0">so </word><word pos="AJ0">tensed </word><word pos="CJC">and </word><word pos="XX0">not </word><word pos="VVG">feeling </word><word pos="AJ0">OK </word><word pos="PUN">, </word><word pos="CJC">but </word><word pos="PNP">she </word><word pos="VVD">decided </word><word pos="TO0">to </word><word pos="VVI">go </word><word pos="PUN">. </word><word pos="PNP">She </word><word pos="VVD">went </word><word pos="PRP">to </word><word pos="AT0">the </word><word pos="NN1">garden </word><word pos="PUN">. </word><word pos="PNP">She </word><word pos="VBD">was </word><word pos="AV0">very </word><word pos="AJ0">surprised </word><word pos="PUN">. </word><word pos="NP0">Adam </word><word pos="VBD">was </word><word pos="VVG">setting </word><word pos="PRP">on </word><word pos="AT0">the </word><word pos="NN1">chair </word><word pos="PUN">. </word><word pos="PNP">She </word><word pos="VVD">stood </word><word pos="PRP">in </word><word pos="PRP">front </word><word pos="PRP">of </word><word pos="PNP">him </word><word pos="CJC">and </word><word pos="VVD">said </word><word pos="PNP">I </word><word pos="VM0">ca </word><word pos="XX0">n't </word><word pos="VVI">trust </word><word pos="PNI">someone </word><word pos="VVG">lying </word><word pos="PRP">in </word><word pos="DPS">my </word><word pos="NN1">face </word><word pos="PNP">she </word><word pos="VVD">left </word><word pos="PNP">him </word><word pos="PRP">in </word><word pos="AT0">a </word><word pos="NN1">shock </word><word pos="PUN">. </word><word pos="VVN">felt </word><word pos="AV0">so </word><word pos="AJ0">bad </word><word pos="CJC">and </word><word pos="AJ0">sorry </word><word pos="PUN">. </word></corpus>

</text>
  </corpus>
  
</root>