<?xml version='1.0' encoding='utf-8'?>
<root>
  <corpus>
    <text>
      <metadata>
        <Faculty>Human Sciences</Faculty>
        <Semester>5</Semester>
        <Age>22</Age>
        <Time_spent_at_an_EnglishSpeaking_country>X</Time_spent_at_an_EnglishSpeaking_country>
        <Topic>Good teachers</Topic>
        <Title>good teacher</Title>
        </metadata>
      <body>
        <word pos="PNQ">Who</word>
        <word pos="VBZ">is</word>
        <word pos="AT0">the</word>
        <word pos="AJ0">good</word>
        <word pos="NN1">teacher</word>
        <word pos="PUN">?</word>
        <word pos="PNP">I</word>
        <word pos="VVB">think</word>
        <word pos="VVG">teaching</word>
        <word pos="VBZ">is</word>
        <word pos="XX0">not</word>
        <word pos="AV0">just</word>
        <word pos="AT0">a</word>
        <word pos="NN1">job</word>
        <word pos="CJT">that</word>
        <word pos="NN0">people</word>
        <word pos="VVB">gain</word>
        <word pos="NN1">salary</word>
        <word pos="NN1">money</word>
        <word pos="PRP">from</word>
        <word pos="PUN">.</word>
        <word pos="PNP">It</word>
        <word pos="VBZ">is</word>
        <word pos="AT0">a</word>
        <word pos="NN1">matter</word>
        <word pos="PRF">of</word>
        <word pos="NN1">morality</word>
        <word pos="PUN">,</word>
        <word pos="AT0">a</word>
        <word pos="NN1">value</word>
        <word pos="NN1">message</word>
        <word pos="CJC">and</word>
        <word pos="AT0">a</word>
        <word pos="AJ0">entire</word>
        <word pos="NN1">life</word>
        <word pos="PRP">at</word>
        <word pos="NN1">school</word>
        <word pos="CJC">or</word>
        <word pos="NN1">university</word>
        <word pos="VVN">separated</word>
        <word pos="PRP">from</word>
        <word pos="NN1">home</word>
        <word pos="PUN">.</word>
        <word pos="NN2">students</word>
        <word pos="VM0">may</word>
        <word pos="VVI">love</word>
        <word pos="CJC">or</word>
        <word pos="VVI">hate</word>
        <word pos="VVG">going</word>
        <word pos="PRP">to</word>
        <word pos="NN1">school</word>
        <word pos="AV0">often</word>
        <word pos="VVG">depending</word>
        <word pos="PRP">on</word>
        <word pos="AVQ">how</word>
        <word pos="NN2">teachers</word>
        <word pos="VBB">are</word>
        <word pos="AJ0">good</word>
        <word pos="PUN">.</word>
        <word pos="AJ0">Good</word>
        <word pos="NN1">teacher</word>
        <word pos="VBZ">is</word>
        <word pos="VVI">inspire</word>
        <word pos="PUN">,</word>
        <word pos="AJ0">kind</word>
        <word pos="PUN">,</word>
        <word pos="AJ0">perfect</word>
        <word pos="PUN">,</word>
        <word pos="AJ0">flexible</word>
        <word pos="CJC">and</word>
        <word pos="DT0">many</word>
        <word pos="NN2">merits</word>
        <word pos="AJ0">other</word>
        <word pos="PUN">.</word>
        <word pos="PRP">In</word>
        <word pos="NN1">contrast</word>
        <word pos="PUN">,</word>
        <word pos="AT0">a</word>
        <word pos="AJ0">bad</word>
        <word pos="NN1">teacher</word>
        <word pos="VM0">can</word>
        <word pos="VVI">destroy</word>
        <word pos="AT0">every</word>
        <word pos="NN1">positivity</word>
        <word pos="PUN">,</word>
        <word pos="DT0">each</word>
        <word pos="NN1">minimum</word>
        <word pos="PRF">of</word>
        <word pos="NN1">desire</word>
        <word pos="TO0">to</word>
        <word pos="VVI">keep</word>
        <word pos="VVG">going</word>
        <word pos="PUN">.</word>
        <word pos="CJC">But</word>
        <word pos="PNP">it</word>
        <word pos="VBZ">is</word>
        <word pos="AJ0">crucial</word>
        <word pos="TO0">to</word>
        <word pos="VVI">say</word>
        <word pos="CJT">that</word>
        <word pos="EX0">there</word>
        <word pos="VBZ">is</word>
        <word pos="AT0">a</word>
        <word pos="ORD">third</word>
        <word pos="NN1">type</word>
        <word pos="PRF">of</word>
        <word pos="NN2">teachers</word>
        <word pos="DTQ">which</word>
        <word pos="VBZ">is</word>
        <word pos="AV0">in</word>
        <word pos="AV0">between</word>
        <word pos="AJ0">good</word>
        <word pos="CJC">and</word>
        <word pos="AJ0">bad</word>
        <word pos="PNQ">who</word>
        <word pos="VDZ">does</word>
        <word pos="XX0">n't</word>
        <word pos="VVI">let</word>
        <word pos="DT0">neither</word>
        <word pos="AJ0">positive</word>
        <word pos="CJC">nor</word>
        <word pos="AJ0">negative</word>
        <word pos="NN1">side</word>
        <word pos="PRP">in</word>
        <word pos="NN1">student</word>
        <word pos="POS">'s</word>
        <word pos="NN2">memories</word>
        <word pos="PUN">.</word>
        <word pos="AV0">Finally</word>
        <word pos="PUN">,</word>
        <word pos="PNP">I</word>
        <word pos="VBB">am</word>
        <word pos="AV0">really</word>
        <word pos="AJ0">grateful</word>
        <word pos="CJC">and</word>
        <word pos="AJ0">thankful</word>
        <word pos="PRP">for</word>
        <word pos="NN1">teacher</word>
        <word pos="PNQ">who</word>
        <word pos="VVD">inspired</word>
        <word pos="PNP">me</word>
        <word pos="AV0">more</word>
        <word pos="AJ0">confident</word>
        <word pos="PRP">in</word>
        <word pos="PNX">myself</word>
        <word pos="PUN">...</word>
        <word pos="AV0">Here</word>
        <word pos="PUN">,</word>
        <word pos="PRP">at</word>
        <word pos="NN1">university</word>
        <word pos="CJC">or</word>
        <word pos="PRP">at</word>
        <word pos="NN1">school</word>
        <word pos="PUN">...</word>
        <word pos="PNP">You</word>
        <word pos="VBB">are</word>
        <word pos="AT0">the</word>
        <word pos="AJS">best</word>
        <word pos="PUN">..</word>
        </body>
      </text>
    </corpus>
  </root>
