<root>

  <corpus>
    <metadata>
    </metadata>
    <text Faculty="Human Sciences" Semester="1" Age="19" Time_spent_at_an_EnglishSpeaking_country="x" Topic="cooking" Title="cooking">
<corpus><word pos="VVG">Cooking </word><word pos="VBZ">is </word><word pos="DPS">my </word><word pos="AJ0">favorite </word><word pos="NN2">hobbies </word><word pos="PUN">. </word><word pos="PRP">in </word><word pos="DPS">my </word><word pos="AJ0">spare </word><word pos="NN1">time </word><word pos="PUN">, </word><word pos="PNP">I </word><word pos="VVB">cook </word><word pos="AT0">a </word><word pos="NN1">lot </word><word pos="PRF">of </word><word pos="NN2">cakes </word><word pos="PUN">, </word><word pos="NN1">meal </word><word pos="PUN">, </word><word pos="CJC">and </word><word pos="VVB">make </word><word pos="AT0">a </word><word pos="NN2">juices </word><word pos="DPS">my </word><word pos="AJ0">favorite </word><word pos="NN1">recipe </word><word pos="VBZ">is </word><word pos="NN1">pasta </word><word pos="PRP">with </word><word pos="NN1">cheese </word><word pos="PUN">. </word><word pos="PNP">it </word><word pos="VBZ">'s </word><word pos="AJ0">easy </word><word pos="CJC">and </word><word pos="AJ0">delicious </word><word pos="PUN">. </word></corpus>
  
</text>
  </corpus>
  
</root>