<?xml version='1.0' encoding='utf-8'?>
<root>
  <corpus>
    <text>
      <metadata>
        <Faculty>Human Sciences</Faculty>
        <Semester>7</Semester>
        <Age>22</Age>
        <Time_spent_at_an_EnglishSpeaking_country>X</Time_spent_at_an_EnglishSpeaking_country>
        <Topic>Some people feel that legal age at which people can marry should be at least 21. To what extent do you agree or disagree?</Topic>
        <Title>Some people feel that legal age at which people can marry should be at least 21. To what extent do you agree or disagree?</Title>
        </metadata>
      <body>
        <word pos="PNP">I</word>
        <word pos="VVB">agree</word>
        <word pos="PUN">.</word>
        <word pos="PNP">I</word>
        <word pos="VVB">agree</word>
        <word pos="PUN">,</word>
        <word pos="CJC">but</word>
        <word pos="PNP">it</word>
        <word pos="VVB">depend</word>
        <word pos="PRP">on</word>
        <word pos="AT0">the</word>
        <word pos="NN1">person</word>
        <word pos="PNP">him</word>
        <word pos="CJC">or</word>
        <word pos="PNX">herself</word>
        <word pos="PUN">.</word>
        <word pos="DT0">This</word>
        <word pos="NN1">age</word>
        <word pos="PNP">it</word>
        <word pos="VBZ">is</word>
        <word pos="AJ0">suitable</word>
        <word pos="PRP">for</word>
        <word pos="DT0">some</word>
        <word pos="NN0">people</word>
        <word pos="CJS">because</word>
        <word pos="PNP">they</word>
        <word pos="VVB">feel</word>
        <word pos="DPS">their</word>
        <word pos="NN1">ability</word>
        <word pos="PRP">to</word>
        <word pos="NN1">success</word>
        <word pos="PRP">in</word>
        <word pos="DPS">their</word>
        <word pos="NN1">life</word>
        <word pos="CJC">and</word>
        <word pos="VVB">work</word>
        <word pos="PRP">in</word>
        <word pos="AJ0">young</word>
        <word pos="NN1">age</word>
        <word pos="CJC">but</word>
        <word pos="AJ0">other</word>
        <word pos="VVB">feel</word>
        <word pos="PNP">they</word>
        <word pos="VM0">will</word>
        <word pos="VBI">be</word>
        <word pos="VVI">fail</word>
        <word pos="CJS">because</word>
        <word pos="PNP">they</word>
        <word pos="VM0">ca</word>
        <word pos="XX0">n't</word>
        <word pos="PRP">between</word>
        <word pos="AT0">the</word>
        <word pos="NN1">life</word>
        <word pos="CJC">and</word>
        <word pos="VVB">work</word>
        <word pos="PRP">in</word>
        <word pos="AT0">the</word>
        <word pos="NN1">beginning</word>
        <word pos="PRF">of</word>
        <word pos="DPS">their</word>
        <word pos="NN1">work</word>
        <word pos="PUN">.</word>
        <word pos="PRP">In</word>
        <word pos="DPS">my</word>
        <word pos="NN1">opinion</word>
        <word pos="AT0">the</word>
        <word pos="NN1">age</word>
        <word pos="CRD">21</word>
        <word pos="VBZ">is</word>
        <word pos="AJ0">suitable</word>
        <word pos="CJC">but</word>
        <word pos="DT0">this</word>
        <word pos="VM0">need</word>
        <word pos="VVI">arrange</word>
        <word pos="AT0">the</word>
        <word pos="NN1">time</word>
        <word pos="PUN">.</word>
        <word pos="AT0">The</word>
        <word pos="VVI">marry</word>
        <word pos="PRP">in</word>
        <word pos="CRD">21</word>
        <word pos="NN1">age</word>
        <word pos="VHZ">has</word>
        <word pos="DT0">many</word>
        <word pos="NN1">advantage</word>
        <word pos="CRD">one</word>
        <word pos="PRF">of</word>
        <word pos="PNP">them</word>
        <word pos="PNP">you</word>
        <word pos="VVB">make</word>
        <word pos="NN2">children</word>
        <word pos="CJC">and</word>
        <word pos="DT0">this</word>
        <word pos="AT0">the</word>
        <word pos="AJ0">beautiful</word>
        <word pos="NN2">things</word>
        <word pos="CJC">and</word>
        <word pos="VVB">make</word>
        <word pos="AT0">the</word>
        <word pos="NN1">life</word>
        <word pos="AV0">very</word>
        <word pos="AJ0">great</word>
        <word pos="CJS">because</word>
        <word pos="NN2">children</word>
        <word pos="AT0">the</word>
        <word pos="AJC">prettier</word>
        <word pos="NN1">thing</word>
        <word pos="PRP">in</word>
        <word pos="AT0">the</word>
        <word pos="NN1">life</word>
        <word pos="PUN">.</word>
        <word pos="AT0">The</word>
        <word pos="ORD">second</word>
        <word pos="PNI">one</word>
        <word pos="AT0">the</word>
        <word pos="NN1">stability</word>
        <word pos="PRP">in</word>
        <word pos="NN1">life</word>
        <word pos="DT0">this</word>
        <word pos="AT0">the</word>
        <word pos="AJ0">important</word>
        <word pos="NN1">thing</word>
        <word pos="CJC">and</word>
        <word pos="PNI">anyone</word>
        <word pos="PRP">in</word>
        <word pos="DT0">this</word>
        <word pos="NN1">life</word>
        <word pos="VVB">seek</word>
        <word pos="TO0">to</word>
        <word pos="VVI">get</word>
        <word pos="AT0">the</word>
        <word pos="NN1">stability</word>
        <word pos="CJS">because</word>
        <word pos="DT0">all</word>
        <word pos="VVB">need</word>
        <word pos="DT0">that</word>
        <word pos="PUN">.</word>
        <word pos="PRP">in</word>
        <word pos="NN1">conclusion</word>
        <word pos="PUN">,</word>
        <word pos="AT0">the</word>
        <word pos="VVI">marry</word>
        <word pos="PRP">in</word>
        <word pos="CRD">21</word>
        <word pos="VBZ">is</word>
        <word pos="AJ0">suitable</word>
        <word pos="CJC">but</word>
        <word pos="AJ0">dependent</word>
        <word pos="PRP">on</word>
        <word pos="AT0">the</word>
        <word pos="NN1">person</word>
        <word pos="CJS">as</word>
        <word pos="PNP">I</word>
        <word pos="VVD">said</word>
        <word pos="PRP">before</word>
        <word pos="CJC">and</word>
        <word pos="AT0">the</word>
        <word pos="AT0">the</word>
        <word pos="NN1">life</word>
        <word pos="PRP">for</word>
        <word pos="PNI">anyone</word>
        <word pos="AJ0">different</word>
        <word pos="PRP">for</word>
        <word pos="AJ0">other</word>
        <word pos="CJS">so</word>
        <word pos="DT0">this</word>
        <word pos="NN1">subject</word>
        <word pos="AJ0">different</word>
        <word pos="CJC">and</word>
        <word pos="AV0">more</word>
        <word pos="AJ0">wild</word>
        <word pos="PUN">.</word>
        </body>
      </text>
    </corpus>
  </root>
