<root>

  <corpus>
    <metadata>
    </metadata>
    <text Faculty="Human Sciences" Semester="2" Age="18" Time_spent_at_an_EnglishSpeaking_country="none" Topic="A special place" Title="A special place/My house">
<corpus><word pos="DPS">My </word><word pos="NN1">house </word><word pos="VBZ">is </word><word pos="AV0">very </word><word pos="AJ0">big </word><word pos="CJC">and </word><word pos="AJ0">Beautiful </word><word pos="PUN">, </word><word pos="CJC">and </word><word pos="VBZ">is </word><word pos="NN1">center </word><word pos="PUN">, </word><word pos="CJC">and </word><word pos="DPS">my </word><word pos="NN1">house </word><word pos="AJ0">old </word><word pos="CJC">and </word><word pos="PNP">I </word><word pos="VVB">live </word><word pos="PRP">with </word><word pos="DPS">my </word><word pos="NN1">family </word><word pos="PUN">. </word></corpus>
</text>
  </corpus>
  
</root>