<root>

  <corpus>
    <metadata>
    </metadata>
    <text Faculty="Human Sciences" Semester="2" Age="21" Time_spent_at_an_EnglishSpeaking_country="2 weeks" Topic="my best memory" Title="my best memory">
<corpus><word pos="DPS">my </word><word pos="AJS">best </word><word pos="NN1">memory </word><word pos="CJC">and </word><word pos="PNP">it </word><word pos="VBZ">'s </word><word pos="VVN">changed </word><word pos="DPS">my </word><word pos="NN1">life </word><word pos="AV0">too </word><word pos="NP0">Alhamdallah </word><word pos="VBZ">is </word><word pos="CJS">when </word><word pos="PNP">i </word><word pos="VVD">went </word><word pos="TO0">to </word><word pos="VDI">do </word><word pos="PUL">( </word><word pos="NP0">Omra </word><word pos="PUR">) </word><word pos="PRP">for </word><word pos="AT0">the </word><word pos="ORD">first </word><word pos="NN1">time </word><word pos="PRP">in </word><word pos="DPS">my </word><word pos="NN1">life </word><word pos="PNP">it </word><word pos="VBD">was </word><word pos="ORD">last </word><word pos="NN1">year </word><word pos="PRP">at </word><word pos="PUN">\ </word><word pos="CRD">16 </word><word pos="PUN">\ </word><word pos="CRD">3 </word><word pos="PUN">\ </word><word pos="PRP">on </word><word pos="DPS">my </word><word pos="NN1">mom </word><word pos="POS">'s </word><word pos="NN1">birthday </word><word pos="PNP">i 
</word><word pos="VBD">was </word><word pos="AV0">so </word><word pos="AJ0">sad </word><word pos="CJS">cause </word><word pos="PNP">she </word><word pos="VBD">was </word><word pos="XX0">n't </word><word pos="PRP">with </word><word pos="PNP">us </word><word pos="PNP">i </word><word pos="VVD">went </word><word pos="PRP">to </word><word pos="NP0">Saudi </word><word pos="AV0">before </word><word pos="PRP">with </word><word pos="PNP">her </word><word pos="CJC">but </word><word pos="PNP">i </word><word pos="VDD">did </word><word pos="XX0">n't </word><word pos="VDI">do </word><word pos="PUL">( </word><word pos="NP0">Omra </word><word pos="PUR">) </word><word pos="CJS">So </word><word pos="DT0">that </word><word pos="VBD">was </word><word pos="DPS">my </word><word pos="AJS">best </word><word pos="NN1">memory </word><word pos="PNP">i </word><word pos="VBD">was </word><word pos="AV0">so </word><word pos="AJ0">happy </word><word pos="PNP">it </word><word pos="VBD">was </word><word pos="PRP">like </word><word pos="AT0">a </word><word pos="NN1">dream </word><word pos="PNP">i </word><word pos="AV0">also </word><word pos="VVD">visited </word><word pos="NP0">Alprophet </word><word pos="NP0">Muhammed </word><word pos="CJC">and </word><word pos="PNP">i </word><word pos="VVD">visited </word><word pos="AV0">too </word><word pos="DT0">many </word><word pos="AJ0">different </word><word pos="NN2">places </word><word pos="PRP">with </word><word pos="DPS">my </word><word pos="NN1">family </word><word pos="PNP">we </word><word pos="AV0">also </word><word pos="VVD">went </word><word pos="PRP">to </word><word pos="NP0">Jedda </word><word pos="PRP">for </word><word pos="CRD">one </word><word pos="NN1">day </word><word pos="PNP">it </word><word pos="VBZ">'s </word><word pos="AV0">so </word><word pos="AJ0">pretty </word><word pos="NP0">Masha </word><word pos="NP0">Allah </word></corpus>
  
</text>
  </corpus>
  
</root>