<?xml version='1.0' encoding='utf-8'?>
<root>
  <corpus>
    <text>
      <metadata>
        <Faculty>Human Sciences</Faculty>
        <Semester>4</Semester>
        <Age>20</Age>
        <Time_spent_at_an_EnglishSpeaking_country>X</Time_spent_at_an_EnglishSpeaking_country>
        <Topic>Describing a picture</Topic>
        <Title>Ali and the dog</Title>
        </metadata>
      <body>
        <word pos="CRD">One</word>
        <word pos="AT0">a</word>
        <word pos="NN1">day</word>
        <word pos="PUN">,</word>
        <word pos="NP0">Ali</word>
        <word pos="VBD">was</word>
        <word pos="VVG">playing</word>
        <word pos="PRP">in</word>
        <word pos="AT0">the</word>
        <word pos="NN1">street</word>
        <word pos="CJC">and</word>
        <word pos="VVD">saw</word>
        <word pos="AT0">a</word>
        <word pos="NN1">dog</word>
        <word pos="AV0">there</word>
        <word pos="PUN">.</word>
        <word pos="AV0">then</word>
        <word pos="PUN">,</word>
        <word pos="PNP">He</word>
        <word pos="VVB">take</word>
        <word pos="PNP">it</word>
        <word pos="PRP">to</word>
        <word pos="DPS">his</word>
        <word pos="NN1">garden</word>
        <word pos="CJC">and</word>
        <word pos="VVB">take</word>
        <word pos="NN1">care</word>
        <word pos="PRP">for</word>
        <word pos="PNP">it</word>
        <word pos="PRP">through</word>
        <word pos="VVG">building</word>
        <word pos="AT0">a</word>
        <word pos="NN1">dog</word>
        <word pos="NN1">house</word>
        <word pos="CJC">and</word>
        <word pos="VVB">give</word>
        <word pos="PNP">it</word>
        <word pos="AT0">a</word>
        <word pos="AJ0">good</word>
        <word pos="NN1">food</word>
        <word pos="PUN">.</word>
        <word pos="AV0">finally</word>
        <word pos="PUN">,</word>
        <word pos="AT0">the</word>
        <word pos="NN1">dog</word>
        <word pos="VBD">was</word>
        <word pos="AV0">very</word>
        <word pos="AJ0">happy</word>
        <word pos="PRP">with</word>
        <word pos="DTQ">what</word>
        <word pos="NP0">Ali</word>
        <word pos="VDD">did</word>
        <word pos="PRP">for</word>
        <word pos="PNP">it</word>
        <word pos="PUN">.</word>
        </body>
      </text>
    </corpus>
  </root>
