<root>

  <corpus>
    <metadata>
    </metadata>
    <text Faculty="Human Sciences" Semester="4" Age="19" Time_spent_at_an_EnglishSpeaking_country="X" Topic="Describing a picture" Title="Small house">
<corpus><word pos="NP0">Ahmed </word><word pos="VBZ">is </word><word pos="AT0">a </word><word pos="AJ0">little </word><word pos="NN1">boy </word><word pos="PUN">. </word><word pos="PNP">he </word><word pos="VBD">was </word><word pos="VHI">have </word><word pos="AT0">a </word><word pos="NN1">dog </word><word pos="PUN">. </word><word pos="PRP">In </word><word pos="CRD">one </word><word pos="NN1">day </word><word pos="PUN">, </word><word pos="PRP">in </word><word pos="AT0">the </word><word pos="NN1">afternoon </word><word pos="PUN">, </word><word pos="NP0">Ahmed </word><word pos="VVD">decided </word><word pos="TO0">to </word><word pos="VVI">build </word><word pos="AT0">a </word><word pos="NN1">house </word><word pos="PRP">for </word><word pos="DPS">his </word><word pos="NN1">dog </word><word pos="PUN">. </word><word pos="AV0">Then </word><word pos="NP0">Ahmed </word><word pos="VVD">went </word><word pos="CJC">and </word><word pos="VVD">brought </word><word pos="AJ0">wooden </word><word pos="NN2">boards </word><word pos="CJC">and </word><word pos="DT0">some </word><word pos="NN2">nails </word><word pos="PUN">. </word><word pos="PNP">He </word><word pos="VVD">started </word><word pos="VVG">building </word><word pos="AT0">the </word><word pos="NN1">house </word><word pos="CJC">and </word><word pos="VBD">was </word><word pos="AJ0">happy </word><word pos="PUN">. </word><word pos="PRP">After </word><word pos="DT0">that </word><word pos="PUN">, </word><word pos="NP0">Ahmed </word><word pos="VVD">faced </word><word pos="DT0">some </word><word pos="NN2">problems </word><word pos="PRP">in </word><word pos="VVG">building </word><word pos="PNP">it </word><word pos="VVD">went </word><word pos="TO0">to </word><word pos="VVI">get </word><word pos="DPS">his </word><word pos="NN1">father </word><word pos="TO0">to </word><word pos="VVI">solve </word><word pos="AT0">the </word><word pos="NN1">problem </word><word pos="PUN">, </word><word pos="CJC">and </word><word pos="DPS">his </word><word pos="NN1">father </word><word pos="VVD">came </word><word pos="CJC">and </word><word pos="VVD">completed </word><word pos="AT0">the </word><word pos="NN1">construction </word><word pos="PUN">. </word><word pos="NP0">Ahmed </word><word pos="VVD">felt </word><word pos="AJ0">proud </word><word pos="CJS">because </word><word pos="AT0">the </word><word pos="AJ0">completed </word><word pos="VVG">building </word><word pos="DPS">his </word><word pos="NN1">dog </word><word pos="POS">'s </word><word pos="NN1">house </word><word pos="PU">. </word></corpus>

</text>
  </corpus>
  
</root>