<root>

  <corpus>
    <metadata>
    </metadata>
    <text Faculty="Human Sciences" Semester="2" Age="20" Time_spent_at_an_EnglishSpeaking_country="X" Topic="Your best memory" Title="Beautiful memory">
<corpus><word pos="AJ0">unforgettable </word><word pos="NN2">experiences </word><word pos="VBD">was </word><word pos="NN1">trip </word><word pos="PRP">in </word><word pos="NN1">misurata </word><word pos="ORD">first </word><word pos="DPS">our </word><word pos="AJ0">high </word><word pos="NN1">school </word><word pos="VVD">decided </word><word pos="VVI">take </word><word pos="PRP">to </word><word pos="NN1">trip </word><word pos="CJC">and </word><word pos="VVB">get </word><word pos="AVP">up </word><word pos="AV0">early </word><word pos="VVB">take </word><word pos="NN1">bus </word><word pos="PRP">on </word><word pos="AT0">the </word><word pos="NN1">trip </word><word pos="PRP">in </word><word pos="AT0">the </word><word pos="NN1">morning </word><word pos="CJC">and </word><word pos="NN1">breakfast </word><word pos="CJC">and </word><word pos="NN1">lunch </word><word pos="CJC">and </word><word pos="PNP">we </word><word pos="VVD">played </word><word pos="PRF">of </word><word pos="DPS">my </word><word pos="NN2">friends </word><word pos="AV0">finally </word><word pos="PNP">we </word><word pos="VVD">returned </word><word pos="PRF">of </word><word pos="AT0">the </word><word pos="NN1">house </word><word pos="PUN">. </word></corpus>
  
</text>
  </corpus>
  
</root>