<root>

  <corpus>
    <metadata>
    </metadata>
<text Faculty="Human Sciences" Semester="7" Age="24" Time_spent_at_an_EnglishSpeaking_country="X" Topic="Some people feel that legal age at which people can marry should be at least 21. To what extent do you agree or disagree?" Title="Some people feel that legal age at which people can marry should be at least 21 To what extent do you agree or disagree?">
<corpus><word pos="PNP">I </word><word pos="VVB">disagree </word><word pos="CJS">because </word><word pos="EX0">there </word><word pos="VBZ">is </word><word pos="AT0">No </word><word 
pos="NN1">age </word><word pos="PRP">for </word><word pos="NN1">marriage </word><word pos="CJS">because </word><word pos="PNP">it </word><word pos="VBZ">'s </word><word pos="AJ0">different </word><word pos="PRP">from </word><word pos="CRD">one </word><word pos="PRP">to </word><word pos="CRD">one </word><word pos="CJS">If </word><word pos="PNP">I </word><word pos="VVD">took </word><word pos="PRP">about </word><word pos="DT0">this </word><word pos="NN1">generation </word><word pos="PNP">they </word><word pos="VBB">are </word><word pos="AV0">very </word><word pos="AJ0">lazy </word><word pos="EX0">There </word><word pos="VBZ">'s </word><word pos="AT0">a </word><word pos="NN1">lot </word><word pos="PRF">of </word><word pos="NN0">people </word><word pos="AJC">older </word><word pos="CJS">than </word><word pos="CRD">21 </word><word pos="VVB">act </word><word pos="PRP">like </word><word pos="NN2">children </word><word pos="CJC">and </word><word pos="PNP">they </word><word pos="VHB">have </word><word pos="XX0">n't </word><word pos="DT0">any </word><word pos="NN1">experience </word><word pos="PRP">in </word><word pos="NN1">life </word><word pos="AT0">a </word><word pos="NN1">lot </word><word pos="PRF">of </word><word pos="NN1">man </word><word pos="PRP">in </word><word pos="DT0">this </word><word pos="NN1">age </word><word pos="VHB">have </word><word pos="XX0">n't </word><word pos="VVI">work </word><word pos="CJC">and </word><word pos="AV0">still </word><word pos="PRP">in </word><word pos="NN1">home </word><word pos="PRP">like </word><word pos="NN2">girls </word><word pos="VVG">playing </word><word pos="NN1">play </word><word pos="NN1">station </word><word pos="CJC">and </word><word pos="VVG">sleeping </word><word pos="DT0">most </word><word pos="PRF">of </word><word pos="NN1">time </word><word pos="AT0">no </word><word pos="NN1">benefit </word><word pos="PRF">of </word><word pos="PNP">them </word><word pos="AV0">just </word><word pos="VVG">eating </word><word pos="CJC">and </word><word pos="VVB">sleep </word><word pos="VVB">depend </word><word pos="PRP">on </word><word pos="DPS">his </word><word pos="NN1">father </word><word pos="NN2">opposites </word><word pos="DT0">some </word><word pos="NN0">people </word><word pos="AJ0">independent </word><word pos="PRP">on </word><word pos="PNP">them </word><word pos="NN1">self </word><word pos="PRP">from </word><word pos="AJ0">young </word><word pos="NN1">age </word><word pos="PNP">I </word><word pos="VVB">talk </word><word pos="PRP">about </word><word pos="DT0">those </word><word pos="NN0">people </word><word pos="PNQ">who </word><word pos="VVZ">works </word><word pos="DT0">any </word><word pos="VVG">studying </word><word pos="PRP">at </word><word pos="AT0">the </word><word pos="DT0">same </word><word pos="NN1">time </word><word pos="AT0">The </word><word pos="AJ0">principled </word><word pos="NN0">people </word><word pos="CJC">and </word><word pos="VM0">can </word><word pos="VVI">take </word><word pos="AJ0">important </word><word pos="NN1">decision </word><word pos="CJC">and </word><word pos="VVI">take </word><word pos="NN1">care </word><word pos="PRF">of </word><word pos="NN2">children </word><word pos="CJC">and </word><word pos="VVZ">gives </word><word pos="PNP">him </word><word pos="DTQ">what </word><word pos="PNP">they </word><word pos="VVB">need </word><word pos="PRP">in </word><word pos="NN1">conclusion </word><word pos="EX0">there </word><word pos="VBZ">'s </word><word pos="PRP">on </word><word pos="NN1">age </word><word pos="PRP">for </word><word pos="NN1">marriage </word><word pos="PRP">in </word><word pos="AT0">the </word><word pos="AJ0">simple </word><word pos="NN1">way </word><word pos="AT0">the </word><word pos="NN1">person </word><word pos="PNQ">who </word><word pos="VVB">find </word><word pos="PRP">in </word><word pos="PNX">himself </word><word pos="NN1">ability </word><word pos="CJC">and </word><word pos="VVD">saw </word><word pos="PRP">in </word><word pos="PNX">himself </word><word pos="AJ0">ready </word><word pos="TO0">to </word><word pos="VDI">do </word><word pos="DT0">this </word><word pos="NN1">step </word><word pos="PNP">I </word><word pos="VVN">made </word><word pos="PRF">of </word><word pos="AJ0">ready </word><word pos="AJ0">ready </word><word pos="PRP">from </word><word pos="AJ0">whole </word><word pos="NN1">way </word><word pos="POS">'s </word><word pos="NN1">psychology </word><word pos="NN1">health </word><word pos="PUN">. </word><word pos="NN1">society </word><word pos="CJC">and </word><word pos="XX0">not </word><word pos="NN1">age </word><word pos="NN1">determent </word><word pos="CJS">when </word><word pos="PNP">we </word><word pos="VM0">should </word><word pos="TO0">to </word><word pos="NN1">marriage </word><word pos="PUN">. </word></corpus>

</text>
  </corpus>
  
</root>