<root>

  <corpus>
    <metadata>
    </metadata>
<text Faculty="Human Sciences" Semester="7" Age="none" Time_spent_at_an_EnglishSpeaking_country="none" Topic="Some people feel that legal age at which people can marry should be at least 21. To what extent do you agree or disagree?" Title="..........">
<corpus><word pos="PNP">I </word><word pos="VVB">agree </word><word pos="PRP">with </word><word pos="PNP">you </word><word pos="PUN">, </word><word pos="CJS">because </word><word pos="PNP">they </word><word pos="VM0">can </word><word pos="VVI">understand </word><word pos="AT0">the </word><word pos="NN1">life </word><word pos="PUN">, </word><word pos="CJC">and </word><word pos="PNP">they </word><word pos="VHB">have </word><word pos="NN1">ability </word><word pos="PRP">to </word><word pos="VVG">breeding </word><word pos="AT0">the </word><word pos="NN2">children </word><word pos="CJC">and </word><word pos="VVB">learn </word><word pos="PNP">them </word><word pos="PUN">. </word><word pos="PRP">By </word><word pos="AT0">the </word><word pos="NN1">way </word><word pos="PUN">, </word><word pos="PNP">I </word><word pos="VVB">agree </word><word pos="PRP">with </word><word pos="DT0">this </word><word pos="NN1">idea </word><word pos="PRP">from </word><word pos="NN1">age </word><word pos="CRD">19 </word><word pos="PRP">for </word><word pos="DT0">both </word><word pos="AT0">the </word><word pos="NN2">boys </word><word pos="CJC">and </word><word pos="NN2">girls </word><word pos="PUN">. </word><word pos="PRP">On </word><word pos="AT0">the </word><word pos="AJ0">other </word><word pos="NN1">hand </word><word pos="DT0">some </word><word pos="NN0">people </word><word pos="VM0">can </word><word pos="VVI">marry </word><word pos="DPS">their </word><word pos="NN2">children </word><word pos="PRP">in </word><word pos="AT0">the </word><word pos="NN1">age </word><word pos="CRD">15 </word><word pos="CJC">or </word><word pos="CRD">16 </word><word pos="PNP">I </word><word pos="VDB">do </word><word pos="XX0">n't </word><word pos="VVI">agree </word><word pos="PRP">with </word><word pos="DT0">this </word><word pos="NN1">idea </word><word pos="PUN">, </word><word pos="PNP">it </word><word pos="VBZ">'s </word><word pos="AT0">a </word><word pos="AJ0">bad </word><word pos="NN1">idea </word><word pos="PUN">, </word><word pos="CJS">because </word><word pos="PNP">they </word><word pos="VDB">do </word><word pos="XX0">n't </word><word pos="VVI">know </word><word pos="PNI">anything </word><word pos="PRP">about </word><word pos="AT0">the </word><word pos="NN1">life </word><word pos="PUN">, </word><word pos="PRP">about </word><word pos="VVG">cleaning </word><word pos="AT0">the </word><word pos="NN1">house </word><word pos="PUN">, </word><word pos="VVG">speaking </word><word pos="PRP">with </word><word pos="AT0">the </word><word pos="AJC">older </word><word pos="NN0">people </word><word pos="CJC">or </word><word pos="VVG">cooking </word><word pos="AT0">the </word><word pos="NN1">food </word><word pos="PUN">... </word><word pos="AV0">etc </word><word pos="PUN">... </word><word pos="PRP">In </word><word pos="DPS">my </word><word pos="NN1">opinion </word><word pos="AT0">the </word><word pos="AJS">best </word><word pos="NN1">age </word><word pos="PRP">for </word><word pos="NN1">marriage </word><word pos="PRP">in </word><word pos="AT0">the </word><word pos="NN1">age </word><word pos="CRD">24 </word><word 
pos="PUN">. </word><word pos="PNP">They </word><word pos="VBB">are </word><word pos="VVN">finished </word><word pos="AT0">the </word><word pos="NN1">study </word><word pos="PRP">in </word><word pos="NN1">stage </word><word pos="AT0">the </word><word pos="NN1">university </word><word pos="PUN">. </word><word pos="PRP">In </word><word pos="DPS">my </word><word pos="NN1">country </word><word pos="PUN">, </word><word pos="AT0">the </word><word pos="NN0">people </word><word pos="VM0">can </word><word pos="VBI">be </word><word pos="VVI">marry </word><word pos="PRP">in </word><word pos="DT0">any </word><word pos="NN1">age </word><word pos="PRP">after </word><word pos="AT0">the </word><word pos="NN1">age </word><word pos="CRD">13 
</word><word pos="CJC">and </word><word pos="AV0">above </word><word pos="PUN">. </word><word pos="PNP">we </word><word pos="VM0">must </word><word pos="CJT">that </word><word pos="VVI">put </word><word pos="AT0">the </word><word pos="NN1">law </word><word pos="PRP">for </word><word pos="DT0">this </word><word pos="NN1">idea </word><word pos="PUN">. </word></corpus>

</text>
  </corpus>
  
</root>