<root>

  <corpus>
    <metadata>
    </metadata>
    <text Faculty="Human Sciences" Semester="2" Age="none" Time_spent_at_an_EnglishSpeaking_country="X" Topic="A special place" Title="A special place">
<corpus><word pos="AT0">A </word><word pos="AJ0">special </word><word pos="NN1">place </word><word pos="VBZ">is </word><word pos="NN1">House </word><word pos="NN1">family </word><word pos="CJS">because </word><word pos="PNP">we </word><word pos="VBB">are </word><word pos="VVG">meeting </word><word pos="AV0">inside </word><word pos="CJC">and </word><word pos="VVB">stay </word><word pos="NN1">time </word><word pos="PRP">for </word><word pos="PUN">. </word><word pos="EX0">there </word><word pos="VBZ">is </word><word pos="DT0">all </word><word pos="NN1">family </word><word pos="CJC">and </word><word pos="VVB">meet </word><word pos="NN2">children </word><word pos="TO0">to </word><word pos="VVI">play </word></corpus>

</text>
  </corpus>
  
</root>