<root>

  <corpus>
    <metadata>
    </metadata>
    <text Faculty="Human Sciences" Semester="2" Age="19" Time_spent_at_an_EnglishSpeaking_country="X" Topic="Your best memory" Title="your best memory">
<corpus><word pos="PNP">We </word><word pos="VVD">went </word><word pos="PRP">at </word><word pos="AT0">the </word><word pos="NN1">beach </word><word pos="PNP">I </word><word pos="CJC">and </word><word pos="NN1">family </word><word pos="VBD">was </word><word pos="NN1">day </word><word pos="AJ0">wonderful </word><word pos="CJC">and </word><word pos="AV0">very </word><word pos="AJ0">beautiful </word><word pos="DPS">my </word><word pos="NN1">mother </word><word pos="VBZ">is </word><word pos="VVN">prepared </word><word pos="AJ0">delicious </word><word pos="NN1">lunch </word><word pos="CJC">and </word><word pos="AJ0">interesting </word><word pos="PRP">in </word><word pos="NN1">Holiday </word><word pos="CJC">and </word><word pos="VVB">swim </word><word pos="PRP">in </word><word pos="AT0">the </word><word pos="NN1">sea </word><word pos="CJC">and </word><word pos="VVB">watch </word><word pos="AT0">the </word><word pos="NN1">sunset </word><word pos="PUN">. </word></corpus>
  
</text>
  </corpus>
  
</root>