<?xml version='1.0' encoding='utf-8'?>
<root>
  <corpus>
    <text>
      <metadata>
        <Faculty>Human Sciences</Faculty>
        <Semester>3</Semester>
        <Age>none</Age>
        <Time_spent_at_an_EnglishSpeaking_country>More than 4 years</Time_spent_at_an_EnglishSpeaking_country>
        <Topic>Social media</Topic>
        <Title>Social media</Title>
        </metadata>
      <body>
        <word pos="PNP">we</word>
        <word pos="VVB">use</word>
        <word pos="PNP">it</word>
        <word pos="AV0">online</word>
        <word pos="CJC">and</word>
        <word pos="AJ0">social</word>
        <word pos="NN0">media</word>
        <word pos="VBZ">is</word>
        <word pos="NN1">work</word>
        <word pos="PRP">by</word>
        <word pos="NN1">internet</word>
        <word pos="EX0">There</word>
        <word pos="VBZ">is</word>
        <word pos="AV0">very</word>
        <word pos="AJ0">positive</word>
        <word pos="CJS">because</word>
        <word pos="VVI">learn</word>
        <word pos="AT0">the</word>
        <word pos="NN2">languages</word>
        <word pos="PUN">,</word>
        <word pos="NN1">design</word>
        <word pos="PUN">,</word>
        <word pos="NN1">food</word>
        <word pos="PUN">,</word>
        <word pos="AV0">etc</word>
        <word pos="PUN">....</word>
        <word pos="PRP">Such</word>
        <word pos="PRP">as</word>
        <word pos="AJ0">positive</word>
        <word pos="EX0">there</word>
        <word pos="VBZ">is</word>
        <word pos="AJ0">negative</word>
        <word pos="PUN">.</word>
        <word pos="NN1">Example</word>
        <word pos="VVG">listening</word>
        <word pos="PRP">to</word>
        <word pos="NN1">music</word>
        <word pos="CJC">and</word>
        <word pos="VVB">watch</word>
        <word pos="AT0">the</word>
        <word pos="NN1">video</word>
        <word pos="PRP">along</word>
        <word pos="NN1">time</word>
        <word pos="PUN">,</word>
        <word pos="AV0">etc</word>
        <word pos="PUN">...</word>
        <word pos="AV0">finally</word>
        <word pos="PUN">,</word>
        <word pos="AT0">The</word>
        <word pos="AJ0">social</word>
        <word pos="NN0">media</word>
        <word pos="VVB">need</word>
        <word pos="AJ0">good</word>
        <word pos="NN1">use</word>
        <word pos="PRP">by</word>
        <word pos="NN0">people</word>
        <word pos="PUN">.</word>
        </body>
      </text>
    </corpus>
  </root>
