<root>

  <corpus>
    <metadata>
    </metadata>
    <text Faculty="Human Sciences" Semester="2" Age="18" Time_spent_at_an_EnglishSpeaking_country="X" Topic="A special place" Title="A special place">
<corpus><word pos="AT0">The </word><word pos="AV0">most </word><word pos="AJ0">comfortable </word><word pos="CJC">and </word><word pos="AJ0">peaceful </word><word pos="NN1">place </word><word pos="PRP">for </word><word pos="PNP">me </word><word pos="VBZ">is </word><word pos="AT0">the </word><word pos="NN1">back </word><word pos="NN1">garden </word><word pos="PRF">of </word><word pos="DPS">my </word><word pos="NN1">home </word><word pos="PUN">, </word><word pos="PNP">I </word><word pos="VHB">'ve </word><word pos="DT0">such </word><word pos="AT0">a </word><word pos="NN1">lot </word><word pos="PRF">of </word><word pos="NN1">fun </word><word pos="PUN">, </word><word pos="AJ0">sad </word><word pos="PUN">, </word><word pos="CJC">and </word><word pos="AJ0">happy </word><word pos="NN2">memories </word><word pos="PRP">in </word><word pos="DT0">this </word><word pos="NN1">place </word><word pos="PNP">it </word><word pos="VBZ">'s </word><word pos="VVB">remind </word><word pos="PNP">me </word><word pos="PRF">of </word><word pos="DPS">my </word><word pos="NN1">childhood </word><word pos="PRP">with </word><word pos="DPS">my </word><word pos="NN2">cousins </word><word pos="PUN">, </word><word pos="PNP">we </word><word pos="VBD">were </word><word pos="AV0">always </word><word pos="VVG">gathering </word><word pos="AV0">there </word><word pos="PRP">after </word><word pos="AT0">the </word><word pos="NN1">lunch </word><word pos="CJC">and </word><word pos="VVB">talk </word><word pos="PRP">aBout </word><word pos="DPS">our </word><word pos="NN1">day </word><word pos="PRP">at </word><word pos="NN1">school </word><word pos="VVG">yapping </word><word pos="PRP">aBout </word><word pos="DPS">our </word><word pos="NN1">classmate </word><word pos="CJC">and </word><word pos="DPS">our </word><word pos="NN2">problems </word><word pos="AV0">also </word><word pos="PNP">we </word><word pos="VVB">play </word><word pos="AT0">the </word><word pos="AJ0">hiding </word><word pos="NN1">game </word><word pos="CJC">and </word><word pos="VVG">making </word><word pos="AT0">a </word><word pos="NN1">cake </word><word pos="PRP">with </word><word pos="AT0">the </word><word pos="NN1">sand </word><word pos="PUN">, </word><word pos="CRD">one </word><word pos="PRF">of </word><word pos="AT0">the </word><word pos="AJ0">lovely </word><word pos="NN1">moment </word><word pos="CJT">that </word><word pos="PNP">we </word><word pos="VVZ">grows </word><word pos="AT0">a </word><word pos="NN2">flowers </word><word pos="PUN">, </word><word pos="CJC">and </word><word pos="DT0">that </word><word pos="VVD">made </word><word pos="PNP">it </word><word pos="VVI">look </word><word pos="AV0">more </word><word pos="AJ0">beautiful </word><word pos="CJC">and </word><word pos="AT0">the </word><word pos="NN2">flowers </word><word pos="AV0">still </word><word pos="VVB">stay </word><word pos="PRP">until </word><word pos="AV0">Now </word><word pos="PUN">, </word><word pos="AV0">sometime </word><word pos="PNP">I </word><word pos="VVB">sit </word><word pos="PRP">on </word><word pos="PNP">it </word><word pos="CJC">and </word><word pos="VVG">listening </word><word pos="PRP">to </word><word pos="AT0">the </word><word pos="NN1">music </word><word pos="CJT">that </word><word pos="PNP">we </word><word pos="VM0">used </word><word pos="TO0">to </word><word pos="VVI">listen </word><word pos="PRP">to </word><word pos="PNP">it </word><word pos="AV0">together </word><word pos="CJC">and </word><word pos="VVI">remember </word><word pos="AT0">the </word><word pos="AJS">best </word><word pos="NN2">days </word><word pos="PRF">of </word><word pos="DPS">my </word><word pos="NN1">life </word><word pos="PUN">. </word><word pos="PNP">I </word><word pos="VVB">miss </word><word pos="PNP">them </word><word pos="AV0">too </word><word pos="DT0">much </word><word pos="CJC">and </word><word pos="PNP">I </word><word pos="VVB">wish </word><word pos="PNP">we </word><word pos="VM0">could </word><word pos="VDI">do </word><word pos="DT0">all </word><word pos="DT0">these </word><word pos="NN1">stuff </word><word pos="PRP">without </word><word pos="VVG">thinking </word><word pos="PRF">of </word><word pos="DT0">any </word><word pos="NN1">thing </word><word pos="AV0">again </word><word pos="PUN">. </word><word pos="CJC">and </word><word pos="VVB">forget </word><word pos="PRP">aBout </word><word pos="DTQ">what </word><word pos="VVD">happened </word><word pos="CJT">that </word><word pos="VVD">made </word><word pos="PNP">us </word><word pos="AV0">apart </word></corpus>
  
</text>
  </corpus>
  
</root>