<root>

  <corpus>
    <metadata>
    </metadata>
    <text Faculty="Human Sciences" Semester="2" Age="34" Time_spent_at_an_EnglishSpeaking_country="X" Topic="A special place" Title="............">
<corpus><word pos="DPS">My </word><word pos="AJ0">special </word><word pos="NN1">place </word><word pos="DPS">my </word><word pos="NN1">home </word><word pos="CJS">Because </word><word pos="PNP">I </word><word pos="VVD">enjoyed </word><word pos="PRP">with </word><word pos="DPS">my </word><word pos="NN1">family </word><word pos="CJC">and </word><word pos="PRP">with </word><word pos="DPS">my </word><word pos="NN2">children </word><word pos="CJC">and </word><word pos="PNP">I </word><word pos="VVB">feel </word><word pos="PRP">in </word><word pos="DPS">my </word><word pos="NN1">house </word><word pos="PRP">at </word><word pos="NN1">rest </word><word pos="CJC">and </word><word pos="PNP">it </word><word pos="VBZ">'s </word><word pos="AJ0">beautiful </word><word pos="CJC">and </word><word pos="AJ0">nice </word><word pos="PUN">. </word></corpus>

</text>
  </corpus>
  
</root>