<?xml version='1.0' encoding='utf-8'?>
<root>
  <corpus>
    <text>
      <metadata>
        <Faculty>Human Sciences</Faculty>
        <Semester>4</Semester>
        <Age>20</Age>
        <Time_spent_at_an_EnglishSpeaking_country>none</Time_spent_at_an_EnglishSpeaking_country>
        <Topic>Describing a picture</Topic>
        <Title>Ahmad’s dog</Title>
        </metadata>
      <body>
        <word pos="CRD">One</word>
        <word pos="NN1">day</word>
        <word pos="NP0">Ahmad</word>
        <word pos="VBD">was</word>
        <word pos="VVB">walk</word>
        <word pos="PRP">in</word>
        <word pos="NN1">country</word>
        <word pos="POS">'s</word>
        <word pos="NN1">garden</word>
        <word pos="PUN">.</word>
        <word pos="AV0">Then</word>
        <word pos="PNP">he</word>
        <word pos="VVD">found</word>
        <word pos="NN1">dog</word>
        <word pos="PRP">without</word>
        <word pos="NN1">house</word>
        <word pos="NP0">Ahmed</word>
        <word pos="VVD">reported</word>
        <word pos="TO0">to</word>
        <word pos="VVI">build</word>
        <word pos="NN1">house</word>
        <word pos="PRP">to</word>
        <word pos="DPS">its</word>
        <word pos="PUN">,</word>
        <word pos="PNP">he</word>
        <word pos="VVD">started</word>
        <word pos="TO0">to</word>
        <word pos="VVI">build</word>
        <word pos="PRP">in</word>
        <word pos="DPS">his</word>
        <word pos="NN1">house</word>
        <word pos="CJC">and</word>
        <word pos="AT0">the</word>
        <word pos="NN1">dog</word>
        <word pos="VBD">was</word>
        <word pos="AJ0">happy</word>
        <word pos="PUN">.</word>
        <word pos="PRP">After</word>
        <word pos="DT0">that</word>
        <word pos="PUN">,</word>
        <word pos="NP0">Ahmad</word>
        <word pos="VVD">finished</word>
        <word pos="TO0">to</word>
        <word pos="VVI">build</word>
        <word pos="AT0">the</word>
        <word pos="NN1">house</word>
        <word pos="PUN">,</word>
        <word pos="CJC">and</word>
        <word pos="VVB">become</word>
        <word pos="AT0">the</word>
        <word pos="NN1">dog</word>
        <word pos="VHZ">has</word>
        <word pos="NN1">house</word>
        <word pos="TO0">to</word>
        <word pos="VVI">live</word>
        <word pos="PRP">in</word>
        </body>
      </text>
    </corpus>
  </root>
