<root>

  <corpus>
    <metadata>
    </metadata>
    <text Faculty="Human Sciences" Semester="2" Age="20" Time_spent_at_an_EnglishSpeaking_country="X" Topic="A University study / Your best memory" Title="Univeisty study">
<corpus><word pos="PNP">I </word><word pos="VVB">wake </word><word pos="AVP">up </word><word pos="AT0">every </word><word pos="NN1">day </word><word pos="PUN">, </word><word pos="PNP">I </word><word pos="VVD">went </word><word pos="NN1">university </word><word pos="PRP">for </word><word pos="VVG">studying </word><word pos="PUN">, 
</word><word pos="PNP">I </word><word pos="VVG">learning </word><word pos="NN1">English </word><word pos="AV0">there </word><word pos="PUN">, </word><word pos="CJC">and </word><word pos="PNP">I </word><word pos="VVB">study </word><word pos="PRP">in </word><word pos="ORD">second </word><word pos="NN1">semester </word><word pos="PUL">( </word><word pos="DPS">your </word><word pos="AJS">best </word><word pos="NN1">memory </word><word pos="PUR">) </word><word pos="DPS">My </word><word pos="AJS">best </word><word pos="NN1">memory </word><word pos="PRP">to </word><word pos="NN1">school </word><word pos="ORD">First </word><word pos="PUN">, </word><word pos="PNP">we </word><word pos="VVD">went </word><word pos="PRP">to </word><word pos="NN1">school </word><word pos="PUN">, </word><word pos="PNP">we </word><word pos="VVG">meeting </word><word pos="PRP">in </word><word pos="AT0">the </word><word pos="NN1">school </word><word pos="PUN">, </word><word pos="AV0">then </word><word pos="PNP">we </word><word pos="VVD">went </word><word pos="TO0">to </word><word pos="NP0">Vince </word><word pos="NN1">resort </word><word pos="PUN">, </word><word pos="CJC">and </word><word pos="VVI">eat </word><word pos="NN1">food </word><word pos="PUN">, </word><word pos="VVB">drink </word><word pos="NN1">water </word><word pos="PRP">After </word><word pos="DT0">that </word><word pos="PUN">, </word><word pos="PNP">we </word><word pos="VVG">playing </word><word pos="NN1">music </word><word pos="PRP">to </word><word pos="AT0">the </word><word pos="NN1">Bus </word><word pos="PUN">, </word><word pos="ORD">Next </word><word pos="PUN">, </word><word pos="PNP">we </word><word pos="PRP">to </word><word pos="AT0">the </word><word pos="NN1">sea </word><word pos="PUN">, </word><word pos="AT0">the </word><word pos="NN1">sea </word><word pos="VBZ">is </word><word pos="NN1">clime </word><word pos="CJC">and </word><word pos="AJ0">beautiful </word><word pos="AV0">finally </word><word pos="PUN">, </word><word pos="AT0">The </word><word pos="NN1">trip </word><word pos="VBZ">is </word><word pos="AJ0">interesting </word><word pos="CJC">and </word><word pos="AV0">a </word><word pos="AV0">bit </word><word pos="NN1">fear </word><word pos="PUN">. </word></corpus>

</text>
  </corpus>
  
</root>