<?xml version='1.0' encoding='utf-8'?>
<root>
  <corpus>
    <text>
      <metadata>
        <Faculty>Human Sciences</Faculty>
        <Semester>2</Semester>
        <Age>22</Age>
        <Time_spent_at_an_EnglishSpeaking_country>X</Time_spent_at_an_EnglishSpeaking_country>
        <Topic>your best memory</Topic>
        <Title>your best memory</Title>
        </metadata>
      <body>
        <word pos="DPS">My</word>
        <word pos="AJS">best</word>
        <word pos="NN1">memory</word>
        <word pos="CJS">when</word>
        <word pos="PNP">I</word>
        <word pos="VBD">was</word>
        <word pos="AT0">a</word>
        <word pos="NN1">child</word>
        <word pos="CJS">since</word>
        <word pos="NN1">age</word>
        <word pos="CRD">5</word>
        <word pos="NN2">years</word>
        <word pos="PRP">to</word>
        <word pos="CRD">12</word>
        <word pos="NN2">years</word>
        <word pos="PUN">,</word>
        <word pos="PNP">I</word>
        <word pos="VBD">was</word>
        <word pos="AV0">really</word>
        <word pos="AJ0">happy</word>
        <word pos="CJC">and</word>
        <word pos="VVB">play</word>
        <word pos="DT0">all</word>
        <word pos="NN1">time</word>
        <word pos="CJC">and</word>
        <word pos="PNP">I</word>
        <word pos="VHB">have</word>
        <word pos="XX0">not</word>
        <word pos="DT0">any</word>
        <word pos="NN2">problems</word>
        <word pos="PRP">in</word>
        <word pos="DPS">my</word>
        <word pos="NN1">life</word>
        <word pos="PUN">,</word>
        <word pos="PNP">I</word>
        <word pos="VVB">want</word>
        <word pos="TO0">to</word>
        <word pos="VVI">repeat</word>
        <word pos="DT0">this</word>
        <word pos="NN1">memory</word>
        <word pos="PUN">,</word>
        <word pos="CJC">but</word>
        <word pos="PNP">It</word>
        <word pos="VM0">will</word>
        <word pos="XX0">not</word>
        <word pos="VVI">happen</word>
        <word pos="PUN">.</word>
        </body>
      </text>
    </corpus>
  </root>
