<root>

  <corpus>
    <metadata>
    </metadata>
    <text Faculty="Human Sciences" Semester="3" Age="19" Time_spent_at_an_EnglishSpeaking_country="X" Topic="Sport" Title="Sports">
<corpus><word pos="NN2">Sports </word><word pos="VBZ">is </word><word pos="AJ0">physical </word><word pos="NN1">activity </word><word pos="CJT">that </word><word pos="VVB">involve </word><word pos="NN1">skill </word><word pos="AJ0">physical </word><word pos="NN1">effort </word><word pos="CJC">and </word><word pos="AV0">very </word><word pos="AJ0">important </word></corpus>

</text>
  </corpus>
  
</root>