<root>

  <corpus>
    <metadata>
    </metadata>
<text Faculty="Human Sciences" Semester="8" Age="23" Time_spent_at_an_EnglishSpeaking_country="3 years" Topic="What is the importance of family? " Title="importance of family">
<corpus><word pos="AT0">The </word><word pos="NN1">family </word><word pos="VBZ">is </word><word pos="AT0">the </word><word pos="AV0">most </word><word pos="AJ0">important </word><word pos="NN1">thing </word><word pos="PRP">in </word><word pos="DPS">our </word><word pos="NN1">life </word><word pos="PUN">. </word></corpus>

</text>
  </corpus>
  
</root>