<root>

  <corpus>
    <metadata>
    </metadata>
<text Faculty="Human Sciences" Semester="7" Age="23" Time_spent_at_an_EnglishSpeaking_country="X" Topic="Some people feel that legal age at which people can marry should be at least 21. To what extent do you agree or disagree?" Title="..........">
<corpus><word pos="PNP">I </word><word pos="VVB">agree </word><word pos="PRP">with </word><word pos="DT0">this </word><word pos="NN1">opinion </word><word pos="PUN">. </word><word pos="CJS">because </word><word pos="AJ0">male </word><word pos="CJC">and </word><word pos="NN1">female </word><word pos="PRP">in </word><word pos="AT0">the </word><word pos="NN1">age </word><word pos="PRP">after </word><word pos="CRD">21 </word><word pos="VM0">can </word><word pos="TO0">to </word><word pos="VVI">marry </word><word pos="CJC">and </word><word pos="VVI">open </word><word pos="AJ0">new </word><word pos="NN1">life </word><word pos="PUN">, </word><word pos="AV0">of </word><word pos="AV0">course </word><word pos="PNP">they </word><word 
pos="VBB">are </word><word pos="AJ0">adult </word><word pos="TO0">to </word><word pos="VVI">face </word><word pos="DT0">any </word><word pos="AJ0">difficult </word><word pos="NN1">circumstance </word><word pos="PRF">of </word><word pos="NN1">life </word><word pos="CJS">because </word><word pos="DPS">their </word><word pos="VHB">have </word><word pos="VVN">balanced </word><word pos="NN1">behavior </word><word pos="PRP">with </word><word pos="PNX">each </word><word pos="PNX">other </word><word pos="PUN">. </word><word pos="PNP">They </word><word pos="VM0">can </word><word pos="VVI">raise </word><word pos="NN2">children </word><word pos="AV0">properly </word><word pos="CJC">and </word><word pos="VVI">bear </word><word pos="AV0">responsibly </word><word pos="PRP">for </word><word pos="PNP">them </word><word pos="CJC">and </word><word pos="VVB">build </word><word pos="AT0">a </word><word pos="AJ0">new </word><word pos="NN1">generation </word><word pos="PUN">. </word><word pos="DT0">This </word><word pos="NN1">age </word><word pos="VBZ">is </word><word pos="AJ0">suitable </word><word pos="TO0">to </word><word pos="VVI">marry </word><word pos="CJS">because </word><word pos="PNP">it </word><word pos="VHZ">has </word><word pos="DT0">less </word><word pos="NN1">divorce </word><word pos="NN1">rate </word><word pos="PRP">between </word><word pos="NN2">couples </word><word pos="CJS">than </word><word pos="AT0">the </word><word pos="NN1">age </word><word pos="PRP">before </word><word pos="CRD">21 </word><word pos="PUN">. </word><word pos="PNP">They </word><word pos="VVB">act </word><word pos="AV0">wisely </word><word pos="PRP">with </word><word pos="PNX">each </word><word pos="PNX">other </word><word pos="PRP">in </word><word pos="PRP">front </word><word pos="PRF">of </word><word pos="DPS">their </word><word pos="NN2">children </word><word pos="CJC">and </word><word pos="VVB">build </word><word pos="NN1">generation </word><word pos="PRP">without </word><word pos="AJ0">psychological </word><word pos="NN1">problem </word><word pos="PUN">. </word><word pos="VVI">Marry </word><word pos="NN1">life </word><word pos="VBZ">is </word><word pos="VVI">give </word><word pos="NN1">respect </word><word pos="PRP">between </word><word pos="NN2">couples </word><word pos="CJC">and </word><word pos="DPS">their </word><word pos="NN2">children </word><word pos="PUN">. </word><word pos="VVI">Marry </word><word pos="NN1">life </word><word pos="TO0">to </word><word pos="VVI">continue </word><word pos="VM0">should </word><word pos="VBI">be </word><word pos="AT0">the </word><word pos="NN2">couples </word><word pos="NN1">respect </word><word pos="CJC">and </word><word pos="VVB">love </word><word pos="PNX">each </word><word pos="PNX">other </word><word pos="PUN">. </word></corpus>
</text>
  </corpus>
  
</root>