<root>

  <corpus>
    <metadata>
    </metadata>
    <text Faculty="Human Sciences" Semester="2" Age="19" Time_spent_at_an_EnglishSpeaking_country="X" Topic="English Language" Title="English Language">
<corpus><word pos="AT0">the </word><word pos="AJ0">English </word><word pos="NN2">languages </word><word pos="VBZ">is </word><word pos="AJ0">important </word><word pos="CJC">and </word><word pos="DT0">more </word><word pos="NN0">people </word><word pos="VVG">speaking </word><word pos="AJ0">English </word><word pos="NN2">languages 
</word><word pos="CJC">and </word><word pos="PNP">I </word><word pos="VVB">like </word><word pos="NN1">English </word><word pos="CJS">because </word><word pos="PNP">I </word><word pos="VVB">enjoy </word><word pos="PNP">it </word><word pos="PUN">. </word></corpus>

</text>
  </corpus>
  
</root>