<root>

  <corpus>
    <metadata>
    </metadata>
<text Faculty="Human Sciences" Semester="7" Age="21" Time_spent_at_an_EnglishSpeaking_country="X" Topic="Some people feel that legal age at which people can marry should be at least 21. To what extent do you agree or disagree?" Title="Some people feel that legal age at which people can marry should be at least 21? To what extent do you agree or disagree?">
<corpus><word pos="PNP">I </word><word pos="VVB">agree </word><word pos="DT0">this </word><word pos="NN1">question </word><word pos="PUN">. </word><word pos="AT0">The </word><word pos="AJ0">legal </word><word pos="NN1">marriage </word><word pos="NN1">age </word><word pos="VVB">depend </word><word pos="CJC">and </word><word pos="VBZ">is </word><word pos="AJ0">complex </word><word pos="CJC">and </word><word pos="VVB">require </word><word pos="AJ0">careful </word><word pos="NN1">discussion </word><word pos="PUN">. </word><word pos="EX0">There </word><word pos="VBB">are </word><word pos="DT0">some </word><word pos="NN0">people </word><word pos="VVB">agree </word><word pos="CJC">and </word><word pos="AT0">the </word><word pos="NN2">others </word><word pos="VDB">do </word><word pos="XX0">not </word><word pos="PUN">. </word><word pos="DT0">Some </word><word pos="NN0">people </word><word pos="VVB">agree </word><word pos="CJS">because </word><word pos="PNP">they </word><word pos="VVB">believe </word><word pos="AT0">the </word><word pos="NN1">life </word><word pos="VBZ">is </word><word pos="PRP">about </word><word pos="NN1">marriage </word><word pos="CJC">and </word><word pos="DT0">this </word><word pos="NN1">age </word><word pos="VBZ">is </word><word pos="AT0">the </word><word pos="AJS">best </word><word pos="TO0">to </word><word pos="VVI">complete </word><word pos="DPS">their </word><word pos="NN1">life </word><word pos="PRP">with </word><word pos="AT0">the </word><word pos="AJ0">right </word><word pos="NN1">person </word><word pos="PUN">. </word><word pos="AVQ">However </word><word pos="AT0">the </word><word pos="AJ0">other </word><word pos="NN0">people </word><word pos="VVB">believe </word><word pos="PNP">they </word><word pos="VM0">should </word><word pos="VHI">have </word><word pos="AT0">the </word><word pos="NN1">freedom </word><word pos="TO0">to </word><word pos="VVI">marry </word><word pos="PRP">at </word><word pos="DT0">any </word><word pos="NN1">age </word><word pos="PUN">. </word></corpus>

</text>
  </corpus>
  
</root>