<?xml version='1.0' encoding='utf-8'?>
<root>
  <corpus>
    <text>
      <metadata>
        <Faculty>Human Sciences</Faculty>
        <Semester>7</Semester>
        <Age>none</Age>
        <Time_spent_at_an_EnglishSpeaking_country>none</Time_spent_at_an_EnglishSpeaking_country>
        <Topic>Some people feel that legal age at which people can marry should be at least 21. To what extent do you agree or disagree?</Topic>
        <Title>Some people feel that legal at which deople can marry should be at least 21.</Title>
        </metadata>
      <body>
        <word pos="PRP">To</word>
        <word pos="DTQ">what</word>
        <word pos="NN1">extent</word>
        <word pos="VDB">do</word>
        <word pos="PNP">you</word>
        <word pos="VVI">agree</word>
        <word pos="CJC">or</word>
        <word pos="VVI">disagree</word>
        <word pos="PUN">?</word>
        <word pos="VVB">Disagree</word>
        <word pos="AV0">in</word>
        <word pos="AV0">general</word>
        <word pos="PUN">,</word>
        <word pos="CJC">but</word>
        <word pos="PRP">in</word>
        <word pos="DPS">my</word>
        <word pos="NN1">country</word>
        <word pos="VVB">agree</word>
        <word pos="PUN">.</word>
        <word pos="CJS">because</word>
        <word pos="DPS">our</word>
        <word pos="NN1">culture</word>
        <word pos="PUN">.</word>
        <word pos="PRP">In</word>
        <word pos="DPS">our</word>
        <word pos="NN1">community</word>
        <word pos="VVI">marry</word>
        <word pos="PRP">in</word>
        <word pos="AJ0">early</word>
        <word pos="NN1">age</word>
        <word pos="CJC">and</word>
        <word pos="DT0">this</word>
        <word pos="AV0">very</word>
        <word pos="AJ0">bad</word>
        <word pos="PRP">to</word>
        <word pos="CRD">two</word>
        <word pos="NN2">parties</word>
        <word pos="PUN">,</word>
        <word pos="CJC">and</word>
        <word pos="DT0">this</word>
        <word pos="VVZ">causes</word>
        <word pos="NN1">problem</word>
        <word pos="CJC">and</word>
        <word pos="AV0">later</word>
        <word pos="AV0">maybe</word>
        <word pos="AJ0">final</word>
        <word pos="AVP">off</word>
        <word pos="PRP">in</word>
        <word pos="AT0">the</word>
        <word pos="NN1">end</word>
        <word pos="PRF">of</word>
        <word pos="AT0">the</word>
        <word pos="NN1">divorce</word>
        <word pos="PUN">.</word>
        <word pos="PRP">In</word>
        <word pos="DPS">my</word>
        <word pos="NN1">opinion</word>
        <word pos="PUN">,</word>
        <word pos="AT0">the</word>
        <word pos="AJ0">appropriate</word>
        <word pos="NN1">age</word>
        <word pos="PRF">of</word>
        <word pos="NN1">life</word>
        <word pos="VBZ">is</word>
        <word pos="CRD">25</word>
        <word pos="PRP">for</word>
        <word pos="NN2">women</word>
        <word pos="PUN">,</word>
        <word pos="CJC">and</word>
        <word pos="CRD">30</word>
        <word pos="PRP">to</word>
        <word pos="AT0">the</word>
        <word pos="NN1">man</word>
        <word pos="PUN">,</word>
        <word pos="VVG">maturing</word>
        <word pos="NN2">women</word>
        <word pos="AJS">fastest</word>
        <word pos="NN1">man</word>
        <word pos="CJC">and</word>
        <word pos="AT0">a</word>
        <word pos="NN1">lot</word>
        <word pos="PRF">of</word>
        <word pos="NN1">word</word>
        <word pos="VDB">do</word>
        <word pos="XX0">n't</word>
        <word pos="AV0">enough</word>
        <word pos="CJC">and</word>
        <word pos="NN1">time</word>
        <word pos="AV0">also</word>
        <word pos="PUN">.</word>
        </body>
      </text>
    </corpus>
  </root>
