<root>

  <corpus>
    <metadata>
    </metadata>
    <text Faculty="Human Sciences" Semester="6" Age="20" Time_spent_at_an_EnglishSpeaking_country="8 years" Topic="Strict self-discipline is the best road of happiness" Title="self-discipline has its advantages and disadvantages on how the individual persives it.">
<corpus><word pos="PNP">It </word><word pos="VM0">can </word><word pos="VVI">lead </word><word pos="PRP">to </word><word pos="VVG">reaching </word><word pos="AJ0">major </word><word pos="NN2">goals </word><word pos="CJS">when </word><word pos="PNP">we </word><word pos="VVB">adipate </word><word pos="PRP">to </word><word pos="AT0">the </word><word pos="AJ0">right </word><word pos="NN1">plan </word><word pos="PNP">we </word><word pos="VVB">make </word><word pos="PRP">for </word><word pos="PNX">ourselves </word><word pos="PUN">. </word><word pos="AV0">for </word><word pos="AV0">instance </word><word pos="PUN">, </word><word pos="VHG">having </word><word pos="DPS">your </word><word pos="NN1">plan </word><word pos="VVN">written </word><word pos="CJC">and </word><word pos="VVG">getting </word><word pos="PNX">yourself </word><word pos="VVN">occupied </word><word pos="CJC">and </word><word pos="AJ0">consistent </word><word pos="PRP">into </word><word pos="VDG">doing </word><word pos="DTQ">what </word><word pos="VVZ">leads </word><word pos="PRP">to </word><word pos="AT0">the </word><word pos="AJ0">good </word><word pos="CJS">whether </word><word pos="PNP">it </word><word pos="VBZ">'s </word><word pos="AT0">a </word><word pos="AJ0">main </word><word pos="NN1">priority </word><word pos="CJC">or </word><word pos="XX0">not </word><word pos="CJC">or </word><word pos="AV0">even </word><word pos="AT0">a </word><word pos="AJ0">minor </word><word pos="NN1">goal </word><word pos="VM0">can </word><word pos="VVI">lead </word><word pos="PNP">you </word><word pos="PRP">to </word><word pos="VBG">being </word><word pos="AT0">a </word><word pos="AJ0">successful </word><word pos="NN1">person </word><word pos="PRP">at </word><word pos="PNI">anything </word><word pos="PNP">you </word><word pos="VVB">master </word><word pos="PUN">. </word><word pos="DT0">That </word><word pos="AV0">mostly </word><word pos="VVZ">depends </word><word pos="PRP">on </word><word pos="DPS">your </word><word pos="NN1">level </word><word pos="PRF">of </word><word pos="NN1">dedication </word><word pos="CJC">and </word><word pos="NN1">self-esteem </word><word pos="PRP">on </word><word pos="AVQ">how </word><word pos="DT0">much </word><word pos="PNP">you </word><word pos="VHB">have </word><word pos="VVN">convinced </word><word pos="PNX">yourself </word><word pos="CJT">that </word><word pos="PNP">you </word><word pos="VM0">can </word><word pos="VDI">do </word><word pos="PNP">it </word><word pos="PUN">! </word><word pos="PUN">. </word><word pos="PRP">On </word><word pos="AT0">the </word><word pos="AJ0">other </word><word pos="NN1">hand </word><word pos="PUN">, </word><word pos="PNP">it </word><word pos="VM0">can </word><word pos="VVI">lead </word><word pos="PRP">to </word><word pos="AJ0">major </word><word pos="AJ0">inner </word><word pos="AJ0">psychological </word><word pos="NN2">problems </word><word pos="CJS">when </word><word pos="AT0">the </word><word pos="NN1">individual </word><word pos="VVZ">takes </word><word pos="PNP">it </word><word pos="AV0">too </word><word pos="AV0">far </word><word pos="PUN">, </word><word pos="AV0">for </word><word pos="AV0">example </word><word pos="PUN">: </word><word pos="VBG">being </word><word pos="AJ0">obsessed </word><word pos="PRP">by </word><word pos="VVG">wanting </word><word pos="PNI">something </word><word pos="CJT">that </word><word pos="VVZ">harms </word><word pos="PNP">you </word><word pos="PRP">rather </word><word pos="PRP">than </word><word pos="NN2">benefits </word><word pos="PNP">you </word><word pos="PUN">, </word><word pos="VBG">being </word><word pos="AV0">overly </word><word pos="AJ0">obsessed </word><word pos="PRP">by </word><word pos="NN2">positions </word><word pos="CJC">and </word><word pos="XX0">not </word><word pos="VBG">being </word><word pos="AJ0">satisfied </word><word pos="AV0">enough </word><word pos="PRP">with </word><word pos="AVQ">where </word><word pos="PNP">you </word><word pos="VBB">are </word><word pos="PRP">at </word><word pos="PUN">, </word><word pos="CJC">or </word><word pos="AV0">even </word><word pos="VVG">developing </word><word pos="NN1">jealousy </word><word pos="PRP">towards </word><word pos="AT0">a </word><word pos="NN1">rival </word><word pos="POS">'s </word><word pos="NN1">level </word><word pos="PRP">at </word><word pos="PNI">something </word><word pos="CJC">or </word><word pos="VVG">hating </word><word pos="DPS">your </word><word pos="DT0">own </word><word pos="NN1">self </word><word pos="PRP">for </word><word pos="XX0">not </word><word pos="VVG">reaching </word><word pos="AT0">the </word><word pos="NN1">goal </word><word pos="PUN">. </word><word pos="AT0">The </word><word pos="AJS">healthiest </word><word pos="NN1">way </word><word pos="PRP">into </word><word pos="VBG">being </word><word pos="AJ0">self-disciplined </word><word pos="VBZ">is </word><word pos="VVG">ditching </word><word pos="AT0">the </word><word pos="AJ0">obsessive </word><word pos="NN1">mindset </word><word pos="CJC">and </word><word pos="VVG">hating </word><word pos="DPS">your </word><word pos="DT0">own </word><word pos="NN1">self </word><word pos="PRP">for </word><word pos="XX0">not </word><word pos="VVG">reaching </word><word pos="AT0">the </word><word pos="NN1">goal </word><word pos="PUN">. </word><word pos="AT0">The </word><word pos="AJS">healthiest </word><word pos="NN1">way </word><word pos="PRP">into </word><word pos="VBG">being </word><word pos="AJ0">self-disciplined </word><word pos="VBZ">is </word><word pos="VVG">ditching </word><word pos="AT0">the </word><word pos="AJ0">obsessive </word><word pos="NN1">mindset </word><word pos="CJC">and </word><word pos="VVG">switching </word><word pos="PRP">to </word><word pos="AJ0">personal </word><word pos="NN1">growth </word><word pos="PUN">, </word><word pos="VVG">learning </word><word pos="TO0">to </word><word pos="VVI">accept </word><word pos="PNX">yourself </word><word pos="CJC">and </word><word pos="XX0">not </word><word pos="VHG">having </word><word pos="NN1">co-comparison </word><word pos="PRP">towards </word><word pos="NN2">others </word><word pos="PUN">. </word><word pos="CJC">But </word><word pos="AV0">rather </word><word pos="VVG">comparing </word><word pos="PNX">yourself </word><word pos="PRP">with </word><word pos="AT0">the </word><word pos="AV0">yesterday </word><word pos="PNP">you </word><word pos="PUN">. </word><word pos="AT0">The </word><word pos="NN1">key </word><word pos="PRP">to </word><word pos="AJ0">successful </word><word pos="NN1">discipline </word><word pos="VBZ">is </word><word pos="DT0">both </word><word pos="NN1">consistency </word><word pos="CJC">and </word><word pos="AT0">a </word><word pos="AJ0">healthy </word><word pos="NN1">balance </word><word pos="PRP">at </word><word pos="PNI">anything </word><word pos="CJT">that </word><word pos="VDZ">does </word><word pos="XX0">n't </word><word pos="VVI">lead </word><word pos="PNP">you </word><word pos="PRP">to </word><word pos="AJ0">inner </word><word pos="AJ0">psychological </word><word pos="NN2">problems </word><word pos="PUN">. </word><word pos="VVB">learn </word><word pos="TO0">to </word><word pos="VVI">balance </word><word pos="XX0">not </word><word pos="AJ0">strict </word><word pos="NN1">behavior </word><word pos="CJT">that </word><word pos="VM0">will </word><word pos="AV0">eventually </word><word pos="VVI">turn </word><word pos="PRP">on </word><word pos="PNP">you </word><word pos="AV0">negatively </word><word pos="PUN">. </word></corpus>

</text>
  </corpus>
  
</root>