<root>

  <corpus>
    <metadata>
    </metadata>
<text Faculty="Human Sciences" Semester="6" Age="20" Time_spent_at_an_EnglishSpeaking_country="X" Topic="Strict self-esteem is dependent on the possessions you have" Title="strict self-discipline">
<corpus><word pos="VBZ">Is </word><word pos="AT0">the </word><word pos="AJ0">strict </word><word pos="NN1">self-discipline </word><word pos="AT0">the </word><word pos="AJS">best </word><word pos="NN1">road </word><word pos="PRP">to </word><word pos="NN1">happiness </word><word pos="PUN">? </word><word pos="PUN">. </word><word pos="PRP">In </word><word pos="DPS">my </word><word pos="NN1">opinion </word><word pos="PUL">( </word><word pos="ITJ">No </word><word pos="PUR">) </word><word pos="PUN">, </word><word pos="PNP">I </word><word pos="VDB">do </word><word pos="XX0">n't </word><word pos="VVI">agree </word><word pos="PRP">with </word><word pos="DT0">this </word><word pos="NN1">thing </word><word pos="AV0">at </word><word pos="AV0">all </word><word pos="PUN">, </word><word pos="DT0">some </word><word pos="NN0">people </word><word pos="VVB">think </word><word pos="AVQ">when </word><word pos="PNP">they </word><word pos="VDB">do </word><word pos="PNP">it </word><word pos="PRP">in </word><word pos="AT0">the </word><word pos="AJ0">hard </word><word pos="NN1">way </word><word pos="PNP">they </word><word pos="VM0">will </word><word pos="VVI">get </word><word pos="AJC">better </word><word pos="NN1">life </word><word pos="PUN">. </word><word pos="AV0">Of </word><word pos="AV0">course </word><word pos="PRP">on </word><word pos="PUN">, </word><word pos="PNP">you </word><word pos="VHB">have </word><word pos="TO0">to </word><word pos="VVI">care </word><word pos="PRP">about </word><word pos="PNX">yourself </word><word pos="CJS">because </word><word pos="CJS">if </word><word pos="PNP">you </word><word pos="VVB">care </word><word pos="PRP">about </word><word pos="PNP">you </word><word pos="VM0">will </word><word pos="VVI">get </word><word pos="AT0">the </word><word pos="AJC">better </word><word pos="NN1">life </word><word pos="CJT">that </word><word pos="PNI">everyone </word><word pos="VVB">want </word><word pos="PNP">it </word><word pos="PUN">, </word><word pos="PUN">. </word><word pos="PNP">I </word><word pos="VVB">think </word><word pos="AVQ">when </word><word pos="PNP">you </word><word pos="VVB">put </word><word pos="PNX">yourself </word><word pos="PRP">in </word><word pos="AJ0">stressed </word><word pos="CJC">and </word><word pos="AJ0">hard </word><word pos="NN1">time </word><word pos="PUN">, </word><word pos="VVG">focusing </word><word pos="PRP">on </word><word pos="DT0">this </word><word pos="CJC">and </word><word pos="DT0">this </word><word pos="CJC">and </word><word pos="VDB">do </word><word pos="DT0">this </word><word pos="CJC">and </word><word pos="VDB">do </word><word pos="XX0">n't </word><word pos="VDI">do </word><word pos="DT0">this </word><word pos="DT0">this </word><word pos="DT0">that </word><word pos="VBZ">'s </word><word pos="VM0">will </word><word pos="VVI">make </word><word pos="PNP">you </word><word pos="VVI">give </word><word pos="AVP">up </word><word pos="PRP">in </word><word pos="DPS">your </word><word pos="NN1">life </word><word pos="CJC">and </word><word pos="AV0">never </word><word pos="VBI">be </word><word pos="AJ0">successful </word><word pos="PRP">in </word><word pos="PNI">anything </word><word pos="PUN">; </word><word pos="DPS">my </word><word pos="NN1">advice </word><word pos="TO0">to </word><word pos="AV0">just </word><word pos="VVI">live </word><word pos="PNX">yourself </word><word pos="PRP">in </word><word pos="AJ0">normal </word><word pos="NN1">way </word><word pos="PUN">, </word><word pos="VVB">know </word><word pos="AT0">the </word><word pos="AJ0">general </word><word pos="NN2">rules </word><word pos="CJC">and </word><word pos="AV0">never </word><word pos="VVB">think </word><word pos="PNP">it </word><word pos="PRP">about </word><word pos="AV0">so </word><word pos="DT0">much </word><word pos="AV0">of </word><word pos="AV0">course </word><word pos="NN1">self-discipline </word><word pos="VBZ">is </word><word pos="AJ0">important </word><word pos="NN1">thing </word><word pos="CJC">but </word><word pos="XX0">not </word><word pos="AJ0">strict </word><word pos="NN1">way </word><word pos="PUN">. </word><word pos="PNP">it </word><word pos="VBZ">'s </word><word pos="AVQ">how </word><word pos="TO0">to </word><word pos="VVI">make </word><word pos="NN2">humans </word><word pos="VVI">live </word><word pos="AJ0">good </word><word pos="PUN">, </word><word pos="AJ0">normal </word><word pos="CJC">and </word><word pos="AJC">better </word><word pos="NN1">life </word><word pos="AV0">together </word><word pos="CJC">and </word><word pos="VVB">make </word><word pos="PNP">you </word><word pos="VVI">know </word><word pos="DTQ">what </word><word pos="PUN">; </word><word pos="DPS">your </word><word pos="CJC">and </word><word pos="DTQ">what </word><word pos="PNP">you </word><word pos="VHB">have </word><word pos="TO0">to </word><word 
pos="VDI">do </word><word pos="PRP">in </word><word pos="AT0">the </word><word pos="NN1">life </word><word pos="CJC">and </word><word pos="PRP">with </word><word pos="AT0">the </word><word pos="NN0">people </word><word pos="PNP">you </word><word pos="VVB">live </word><word pos="PRP">with </word><word pos="PNP">them </word><word pos="PUN">. </word><word pos="VVB">make </word><word pos="PNP">it </word><word pos="AJ0">easy </word><word pos="PRP">on </word><word pos="PNX">yourself </word><word pos="CJC">and </word><word pos="PNP">you </word><word pos="VM0">will </word><word pos="VVI">find </word><word pos="PNX">yourself </word><word pos="AJ0">comfortable </word><word pos="CJC">and </word><word pos="VDG">doing </word><word pos="AJ0">good </word><word pos="NN2">things </word><word pos="PUN">. </word><word pos="AT0">The </word><word pos="AJS">best </word><word pos="NN1">road </word><word pos="PRP">to </word><word pos="NN1">happiness </word><word pos="VBZ">is </word><word pos="TO0">to </word><word pos="VVI">care </word><word pos="PRP">about </word><word pos="PNX">yourself </word><word pos="CJC">and </word><word pos="VVI">know </word><word pos="AVQ">what </word><word pos="VBZ">'s </word><word pos="PNP">yours </word><word pos="CJC">and </word><word pos="DTQ">what </word><word pos="PNP">you </word><word pos="VHB">have </word><word pos="TO0">to </word><word pos="VDI">do </word><word pos="PRP">to </word><word pos="NN2">others </word><word pos="PUN">. </word></corpus>

</text>
  </corpus>
  
</root>