<root>

  <corpus>
    <metadata>
    </metadata>
    <text Faculty="Human Sciences" Semester="2" Age="19" Time_spent_at_an_EnglishSpeaking_country="none" Topic="Your best memory" Title="your best memory">
<corpus><word pos="DPS">My </word><word pos="AJS">best </word><word pos="NN1">memory </word><word pos="VBD">was </word><word pos="VBD">was </word><word pos="AVQ">when </word><word pos="PUN">, </word><word pos="PNP">I </word><word pos="VVD">passed </word><word pos="DPS">my </word><word pos="AJ0">secondary </word><word pos="NN1">certificate </word><word pos="ORD">last </word><word pos="NN1">year </word><word pos="PUN">, </word><word pos="PNP">It </word><word pos="VBD">was </word><word pos="AJS">greatest </word><word pos="NN1">feeling </word><word pos="PRP">in </word><word pos="DPS">my </word><word pos="NN1">life </word><word pos="PUN">. </word><word pos="PNP">I </word><word pos="VM0">can </word><word pos="VVI">remember </word><word pos="DT0">all </word><word pos="AT0">the </word><word pos="NN2">details </word><word pos="PUN">, </word><word pos="PNP">I </word><word pos="VM0">can </word><word pos="VVI">remember </word><word pos="CJS">when </word><word pos="PNP">I </word><word pos="VVD">spent </word><word pos="NN2">weeks </word><word pos="TO0">to </word><word pos="VVI">study </word><word pos="AJ0">hard </word><word pos="CJC">and </word><word pos="CJS">when </word><word pos="PNP">I </word><word pos="VBD">was </word><word pos="AJ0">afraid </word><word pos="PRP">before </word><word pos="AT0">the </word><word pos="NN1">exam </word><word pos="NN2">results </word><word pos="PUN">. </word><word pos="PNP">It </word><word pos="VBD">was </word><word pos="AT0">the </word><word pos="AJS">hardest </word><word pos="CJC">and </word><word pos="AJS">best </word><word pos="NN1">thing </word><word pos="VVZ">happens </word><word pos="PRP">in </word><word pos="DPS">my </word><word pos="NN1">life </word></corpus>

</text>
  </corpus>
  
</root>