<?xml version='1.0' encoding='utf-8'?>
<root>
  <corpus>
    <text>
      <metadata>
        <Faculty>Human Sciences</Faculty>
        <Semester>4</Semester>
        <Age>none</Age>
        <Time_spent_at_an_EnglishSpeaking_country>X</Time_spent_at_an_EnglishSpeaking_country>
        <Topic>Describing a picture</Topic>
        <Title>Tom and dog</Title>
        </metadata>
      <body>
        <word pos="CRD">One</word>
        <word pos="NN1">day</word>
        <word pos="PUN">,</word>
        <word pos="EX0">there</word>
        <word pos="VBZ">is</word>
        <word pos="AT0">a</word>
        <word pos="NN1">dog</word>
        <word pos="PUN">,</word>
        <word pos="PNP">it</word>
        <word pos="VVZ">lives</word>
        <word pos="PRP">in</word>
        <word pos="AT0">the</word>
        <word pos="AJ0">wild</word>
        <word pos="PUN">,</word>
        <word pos="CJC">and</word>
        <word pos="VDD">did</word>
        <word pos="XX0">n't</word>
        <word pos="VHZ">has</word>
        <word pos="AT0">the</word>
        <word pos="NN1">house</word>
        <word pos="PUN">.</word>
        <word pos="PRP">In</word>
        <word pos="AV0">once</word>
        <word pos="NN1">day</word>
        <word pos="PNP">it</word>
        <word pos="VVD">watched</word>
        <word pos="NN1">boy</word>
        <word pos="PUN">,</word>
        <word pos="AT0">the</word>
        <word pos="NN1">dog</word>
        <word pos="VVZ">empathizes</word>
        <word pos="AT0">the</word>
        <word pos="NN1">boy</word>
        <word pos="PUN">,</word>
        <word pos="CJC">and</word>
        <word pos="VVZ">takes</word>
        <word pos="PRP">with</word>
        <word pos="PNP">it</word>
        <word pos="PUN">,</word>
        <word pos="CJC">and</word>
        <word pos="PNP">it</word>
        <word pos="VVZ">makes</word>
        <word pos="AJ0">small</word>
        <word pos="NN1">house</word>
        <word pos="PRP">for</word>
        <word pos="NN2">lives</word>
        <word pos="PNP">it</word>
        <word pos="PUN">,</word>
        <word pos="CJC">and</word>
        <word pos="PNP">it</word>
        <word pos="VVD">started</word>
        <word pos="AT0">a</word>
        <word pos="AJ0">beautiful</word>
        <word pos="NN1">life</word>
        <word pos="PUN">.</word>
        <word pos="AV0">Finally</word>
        <word pos="PUN">,</word>
        <word pos="AT0">the</word>
        <word pos="NN1">kindness</word>
        <word pos="PRP">to</word>
        <word pos="NN2">animals</word>
        <word pos="VBZ">is</word>
        <word pos="AT0">a</word>
        <word pos="AJ0">good</word>
        <word pos="NN1">thing</word>
        <word pos="CJC">and</word>
        <word pos="PRP">from</word>
        <word pos="NN2">humanities</word>
        <word pos="PUN">.</word>
        </body>
      </text>
    </corpus>
  </root>
