<?xml version='1.0' encoding='utf-8'?>
<root>
  <corpus>
    <text>
      <metadata>
        <Faculty>Human Sciences</Faculty>
        <Semester>6</Semester>
        <Age>20</Age>
        <Time_spent_at_an_EnglishSpeaking_country>X</Time_spent_at_an_EnglishSpeaking_country>
        <Topic>Studying philosophy can lead to a happier and more peaceful existence</Topic>
        <Title>Studying philosophy</Title>
        </metadata>
      <body>
        <word pos="NN1">Philosophy</word>
        <word pos="VBZ">is</word>
        <word pos="AT0">a</word>
        <word pos="NN1">branch</word>
        <word pos="PRF">of</word>
        <word pos="NN1">study</word>
        <word pos="CJT">that</word>
        <word pos="VVB">reveal</word>
        <word pos="PNQ">what</word>
        <word pos="PRP">beyond</word>
        <word pos="AT0">the</word>
        <word pos="NN1">nature</word>
        <word pos="CJC">and</word>
        <word pos="VVB">contain</word>
        <word pos="AJ0">distinctive</word>
        <word pos="VVI">discuss</word>
        <word pos="PRP">about</word>
        <word pos="AT0">the</word>
        <word pos="NN1">nature</word>
        <word pos="CJC">and</word>
        <word pos="AT0">the</word>
        <word pos="NN1">feeling</word>
        <word pos="PRF">of</word>
        <word pos="NN2">humans</word>
        <word pos="PRP">about</word>
        <word pos="PNX">themselves</word>
        <word pos="PUN">.</word>
        <word pos="AV0">Also</word>
        <word pos="DT0">this</word>
        <word pos="NN1">study</word>
        <word pos="VVB">provide</word>
        <word pos="AT0">a</word>
        <word pos="NN1">lot</word>
        <word pos="PRF">of</word>
        <word pos="NN2">ways</word>
        <word pos="TO0">to</word>
        <word pos="VVI">feel</word>
        <word pos="AJC">better</word>
        <word pos="PRP">about</word>
        <word pos="DPS">your</word>
        <word pos="NN1">life</word>
        <word pos="PRP">as</word>
        <word pos="PRP">well</word>
        <word pos="PRP">as</word>
        <word pos="PNX">yourself</word>
        <word pos="AV0">Therefore</word>
        <word pos="PUN">,</word>
        <word pos="PNP">we</word>
        <word pos="VVD">found</word>
        <word pos="DT0">some</word>
        <word pos="NN0">people</word>
        <word pos="VVB">think</word>
        <word pos="CJT">that</word>
        <word pos="VVG">studying</word>
        <word pos="NN1">philosophy</word>
        <word pos="VM0">can</word>
        <word pos="VVD">led</word>
        <word pos="PRP">to</word>
        <word pos="AT0">a</word>
        <word pos="AJC">happier</word>
        <word pos="CJC">and</word>
        <word pos="AV0">more</word>
        <word pos="AJ0">peaceful</word>
        <word pos="NN1">existence</word>
        <word pos="PUN">.</word>
        <word pos="AT0">The</word>
        <word pos="NN1">person</word>
        <word pos="PNQ">who</word>
        <word pos="VVB">study</word>
        <word pos="NN1">philosophy</word>
        <word pos="PNP">we</word>
        <word pos="VM0">can</word>
        <word pos="VVI">recognize</word>
        <word pos="PNP">him</word>
        <word pos="CJT">that</word>
        <word pos="VBZ">is</word>
        <word pos="AV0">more</word>
        <word pos="AJ0">intellectual</word>
        <word pos="CJC">and</word>
        <word pos="AJ0">calm</word>
        <word pos="CJS">than</word>
        <word pos="AT0">the</word>
        <word pos="NN2">others</word>
        <word pos="PUN">,</word>
        <word pos="CJS">because</word>
        <word pos="PNP">they</word>
        <word pos="VVB">study</word>
        <word pos="CJC">and</word>
        <word pos="VVZ">seeks</word>
        <word pos="PRP">behind</word>
        <word pos="AT0">the</word>
        <word pos="AJ0">hidden</word>
        <word pos="NN2">things</word>
        <word pos="PRP">in</word>
        <word pos="AT0">the</word>
        <word pos="NN1">life</word>
        <word pos="PRP">such</word>
        <word pos="PRP">as</word>
        <word pos="PUN">,</word>
        <word pos="DTQ">what</word>
        <word pos="VVB">make</word>
        <word pos="NN0">people</word>
        <word pos="VVI">feel</word>
        <word pos="AV0">better</word>
        <word pos="CJC">or</word>
        <word pos="AVQ">why</word>
        <word pos="PNP">they</word>
        <word pos="VVG">overthinking</word>
        <word pos="PRP">about</word>
        <word pos="PNI">something</word>
        <word pos="CJC">and</word>
        <word pos="AV0">so</word>
        <word pos="AV0">on</word>
        <word pos="PUN">.</word>
        <word pos="PNP">They</word>
        <word pos="VVB">know</word>
        <word pos="AT0">the</word>
        <word pos="AJ0">good</word>
        <word pos="NN2">things</word>
        <word pos="PRP">for</word>
        <word pos="PNX">themselves</word>
        <word pos="CJC">so</word>
        <word pos="PNP">they</word>
        <word pos="VVB">live</word>
        <word pos="PRP">in</word>
        <word pos="DT0">this</word>
        <word pos="NN1">moment</word>
        <word pos="CJC">and</word>
        <word pos="AV0">never</word>
        <word pos="VVB">mind</word>
        <word pos="PRP">about</word>
        <word pos="AT0">the</word>
        <word pos="NN1">future</word>
        <word pos="PUN">,</word>
        <word pos="PNP">they</word>
        <word pos="VVB">focus</word>
        <word pos="AVP">on</word>
        <word pos="TO0">to</word>
        <word pos="VBI">be</word>
        <word pos="PNX">yourself</word>
        <word pos="CJC">and</word>
        <word pos="TO0">to</word>
        <word pos="VBI">be</word>
        <word pos="AV0">more</word>
        <word pos="VVI">relax</word>
        <word pos="PRP">as</word>
        <word pos="PRP">well</word>
        <word pos="PRP">as</word>
        <word pos="AJ0">flexible</word>
        <word pos="PUN">.</word>
        <word pos="PRP">In</word>
        <word pos="NN1">conclusion</word>
        <word pos="PUN">,</word>
        <word pos="VVG">studying</word>
        <word pos="NN1">philosophy</word>
        <word pos="VVB">make</word>
        <word pos="NN0">people</word>
        <word pos="AV0">more</word>
        <word pos="AJC">happier</word>
        <word pos="CJC">and</word>
        <word pos="AV0">more</word>
        <word pos="AJ0">peaceful</word>
        <word pos="PRP">in</word>
        <word pos="AT0">the</word>
        <word pos="NN1">life</word>
        <word pos="PUN">,</word>
        <word pos="PRP">due</word>
        <word pos="PRP">to</word>
        <word pos="PNP">they</word>
        <word pos="VVB">know</word>
        <word pos="AVQ">how</word>
        <word pos="TO0">to</word>
        <word pos="VVI">make</word>
        <word pos="DT0">any</word>
        <word pos="NN1">action</word>
        <word pos="PRP">for</word>
        <word pos="DPS">their</word>
        <word pos="AJ0">useful</word>
        <word pos="CJC">and</word>
        <word pos="VVB">think</word>
        <word pos="AV0">just</word>
        <word pos="PRP">about</word>
        <word pos="DT0">this</word>
        <word pos="NN1">day</word>
        <word pos="XX0">not</word>
        <word pos="AV0">tomorrow</word>
        <word pos="PUN">.</word>
        <word pos="PNP">They</word>
        <word pos="VVB">believe</word>
        <word pos="PRP">in</word>
        <word pos="DT0">this</word>
        <word pos="NN1">quotation</word>
        <word pos="PUN">:</word>
        <word pos="AV0">Yesterday</word>
        <word pos="VBZ">is</word>
        <word pos="NN1">history</word>
        <word pos="PUN">,</word>
        <word pos="AV0">tomorrow</word>
        <word pos="VBZ">is</word>
        <word pos="NN1">mystery</word>
        <word pos="CJC">but</word>
        <word pos="AV0">today</word>
        <word pos="VBZ">is</word>
        <word pos="AV0">now</word>
        <word pos="CJS">so</word>
        <word pos="DT0">that</word>
        <word pos="VBZ">is</word>
        <word pos="AVQ">why</word>
        <word pos="PNP">we</word>
        <word pos="VVB">call</word>
        <word pos="PNP">it</word>
        <word pos="AJ0">present</word>
        <word pos="PUN">.</word>
        </body>
      </text>
    </corpus>
  </root>
