<root>

  <corpus>
    <metadata>
    </metadata>
    <text Faculty="Human Sciences" Semester="4" Age="19" Time_spent_at_an_EnglishSpeaking_country="none" Topic="Describing a picture" Title="Jack and his dog “bob”">
<corpus><word pos="CRD">One </word><word pos="NN1">day </word><word pos="PRP">from </word><word pos="NN2">days </word><word pos="PUN">, </word><word pos="PRP">in </word><word pos="NN1">morning </word><word pos="EX0">there </word><word pos="VBD">was </word><word pos="AT0">a </word><word pos="NN1">boy </word><word pos="DPS">his </word><word pos="NN1">name </word><word pos="NP0">Jack </word><word pos="PUN">. </word><word pos="CJS">When </word><word pos="NP0">Jack </word><word pos="VVD">went </word><word pos="PRP">to </word><word pos="AT0">a </word><word pos="NN1">market </word><word pos="PRP">to </word><word pos="VVD">bought </word><word pos="NN1">bread </word><word pos="PUN">. </word><word pos="NP0">Jack </word><word pos="VVD">met </word><word pos="AT0">a </word><word pos="AJ0">small </word><word pos="NN1">dog </word><word pos="PRP">on </word><word pos="AT0">the </word><word pos="NN1">road </word><word pos="CJC">and </word><word pos="DT0">this </word><word pos="NN1">dog </word><word 
pos="VBD">was </word><word pos="AJ0">dirty </word><word pos="CJC">and </word><word pos="AJ0">hungry </word><word pos="PUN">. </word><word pos="NP0">Jack </word><word 
pos="VVD">felt </word><word pos="AV0">so </word><word pos="AJ0">bad </word><word pos="PRP">about </word><word pos="DT0">this </word><word pos="NN1">dog </word><word pos="PUN">, </word><word pos="CJS">so </word><word pos="NP0">Jack </word><word pos="VVD">took </word><word pos="DT0">this </word><word pos="NN1">dog </word><word pos="PRP">for </word><word pos="DPS">his </word><word pos="NN1">home </word><word pos="PUN">. </word><word pos="CJS">when </word><word pos="NP0">Jack </word><word pos="AVP">back </word><word pos="PRP">to </word><word pos="DPS">his </word><word pos="NN1">home </word><word pos="PUN">, </word><word pos="PNP">he </word><word pos="VVD">cleaned </word><word pos="CJC">and </word><word pos="VVD">gave </word><word pos="VVI">eat </word><word pos="PRP">for </word><word pos="DT0">this </word><word pos="NN1">dog </word><word pos="NP0">Jack </word><word pos="VVD">gave </word><word pos="PRP">for </word><word pos="DT0">this </word><word pos="NN1">dog </word><word pos="NN1">name </word><word pos="PUN">, </word><word pos="DT0">this </word><word pos="NN1">name </word><word pos="VBZ">is </word><word pos="NN0">bob </word><word pos="PUN">. </word><word pos="NP0">John </word><word pos="VVB">get </word><word pos="PRP">for </word><word pos="NN0">bob </word><word pos="AT0">a </word><word pos="AJ0">small </word><word pos="NN1">home </word><word pos="PUN">, </word><word pos="DT0">this </word><word pos="NN1">home </word><word pos="VBD">was </word><word pos="AV0">so </word><word pos="AJ0">beautiful </word><word pos="PUN">. </word><word pos="PRP">At </word><word pos="AT0">the </word><word pos="NN1">end </word><word pos="PUN">, </word><word pos="NP0">Jack </word><word pos="VBD">was </word><word pos="AJ0">happy </word><word pos="CJS">because </word><word pos="PNP">He </word><word pos="VHD">had </word><word 
pos="NN1">dog </word><word pos="CJC">and </word><word pos="DPS">his </word><word pos="NN1">dog </word><word pos="VBD">was </word><word pos="AJ0">happy </word><word pos="CJS">because </word><word pos="PNP">it </word><word pos="VHD">had </word><word pos="AT0">a </word><word pos="AJC">better </word><word pos="NN1">life </word><word pos="PUN">. </word></corpus>

</text>
  </corpus>
  
</root>