<?xml version='1.0' encoding='utf-8'?>
<root>
  <corpus>
    <text>
      <metadata>
        <Faculty>Human Sciences</Faculty>
        <Semester>7</Semester>
        <Age>20</Age>
        <Time_spent_at_an_EnglishSpeaking_country>X</Time_spent_at_an_EnglishSpeaking_country>
        <Topic>Some University students want to learn about others. In addition to their main subjects. Others believe it is more important to give all their time and attention to studying for a qualification. Discuss both these views and give your own opinion.</Topic>
        <Title>Some University students want to learn about other subjects. In addition to their main subjects. Others believe it is more important to give all their time and attention to studying for a qualification. Discuss both these views and give your own opinion.</Title>
        </metadata>
      <body>
        <word pos="CJS">So</word>
        <word pos="CJS">as</word>
        <word pos="PNP">we</word>
        <word pos="VVB">see</word>
        <word pos="AT0">the</word>
        <word pos="NN1">university</word>
        <word pos="NN2">students</word>
        <word pos="VBZ">is</word>
        <word pos="VVN">divided</word>
        <word pos="PRP">into</word>
        <word pos="CRD">two</word>
        <word pos="NN2">types</word>
        <word pos="PUN">.</word>
        <word pos="AT0">The</word>
        <word pos="ORD">first</word>
        <word pos="NN1">type</word>
        <word pos="VBZ">is</word>
        <word pos="VVI">believe</word>
        <word pos="CJT">that</word>
        <word pos="PNP">it</word>
        <word pos="VBZ">is</word>
        <word pos="AJ0">useful</word>
        <word pos="CJC">and</word>
        <word pos="AJ0">important</word>
        <word pos="TO0">to</word>
        <word pos="VVI">learn</word>
        <word pos="PRP">about</word>
        <word pos="AJ0">other</word>
        <word pos="NN2">subjects</word>
        <word pos="PUN">,</word>
        <word pos="VM0">may</word>
        <word pos="PNP">they</word>
        <word pos="VVI">want</word>
        <word pos="TO0">to</word>
        <word pos="VVI">change</word>
        <word pos="AT0">the</word>
        <word pos="AJ0">boring</word>
        <word pos="NN1">mood</word>
        <word pos="PRF">of</word>
        <word pos="NN1">study</word>
        <word pos="PUN">.</word>
        <word pos="CJC">Or</word>
        <word pos="PNP">they</word>
        <word pos="VVB">want</word>
        <word pos="TO0">to</word>
        <word pos="VVI">add</word>
        <word pos="DT0">some</word>
        <word pos="AJ0">general</word>
        <word pos="NN1">information</word>
        <word pos="PRP">instead</word>
        <word pos="PRP">of</word>
        <word pos="AT0">the</word>
        <word pos="AJ0">basic</word>
        <word pos="NN2">subjects</word>
        <word pos="PUN">.</word>
        <word pos="AV0">In</word>
        <word pos="AV0">addition</word>
        <word pos="PUN">,</word>
        <word pos="DT0">some</word>
        <word pos="PRF">of</word>
        <word pos="NN1">student</word>
        <word pos="VDB">do</word>
        <word pos="XX0">n't</word>
        <word pos="VVI">like</word>
        <word pos="VVG">studying</word>
        <word pos="CJS">so</word>
        <word pos="PNP">they</word>
        <word pos="VVB">want</word>
        <word pos="DT0">another</word>
        <word pos="NN1">side</word>
        <word pos="PNP">it</word>
        <word pos="CJT">that</word>
        <word pos="PNP">they</word>
        <word pos="VM0">can</word>
        <word pos="VBI">be</word>
        <word pos="AJ0">creative</word>
        <word pos="PRP">in</word>
        <word pos="PNP">it</word>
        <word pos="PUN">.</word>
        <word pos="PRP">On</word>
        <word pos="AT0">the</word>
        <word pos="AJ0">other</word>
        <word pos="NN1">hand</word>
        <word pos="PUN">,</word>
        <word pos="AT0">the</word>
        <word pos="ORD">second</word>
        <word pos="NN1">type</word>
        <word pos="PRF">of</word>
        <word pos="NN2">students</word>
        <word pos="VVB">prefer</word>
        <word pos="DT0">that</word>
        <word pos="TO0">to</word>
        <word pos="VVI">study</word>
        <word pos="AV0">just</word>
        <word pos="AT0">the</word>
        <word pos="AJ0">basic</word>
        <word pos="NN2">subjects</word>
        <word pos="PUN">.</word>
        <word pos="AV0">Maybe</word>
        <word pos="PNP">they</word>
        <word pos="VVB">want</word>
        <word pos="TO0">to</word>
        <word pos="VVI">focus</word>
        <word pos="AV0">only</word>
        <word pos="PRP">on</word>
        <word pos="VVG">improving</word>
        <word pos="PNX">themselves</word>
        <word pos="PRP">in</word>
        <word pos="AT0">the</word>
        <word pos="AJ0">universal</word>
        <word pos="NN2">subjects</word>
        <word pos="PUN">,</word>
        <word pos="CJC">and</word>
        <word pos="TO0">to</word>
        <word pos="VVI">get</word>
        <word pos="AJ0">good</word>
        <word pos="NN2">marks</word>
        <word pos="PUN">.</word>
        <word pos="CJC">Or</word>
        <word pos="PNP">they</word>
        <word pos="VDB">do</word>
        <word pos="XX0">n't</word>
        <word pos="VHI">have</word>
        <word pos="AT0">a</word>
        <word pos="NN1">time</word>
        <word pos="PRP">to</word>
        <word pos="AJ0">other</word>
        <word pos="NN2">subjects</word>
        <word pos="PUN">.</word>
        <word pos="PRP">In</word>
        <word pos="DPS">my</word>
        <word pos="NN1">opinion</word>
        <word pos="PUN">,</word>
        <word pos="PNP">I</word>
        <word pos="VVB">think</word>
        <word pos="PNP">it</word>
        <word pos="VBZ">is</word>
        <word pos="AJ0">good</word>
        <word pos="TO0">to</word>
        <word pos="VVI">study</word>
        <word pos="NN1">addition</word>
        <word pos="NN2">subjects</word>
        <word pos="PUN">,</word>
        <word pos="CJC">But</word>
        <word pos="AV0">just</word>
        <word pos="PRP">in</word>
        <word pos="CRD">one</word>
        <word pos="NN1">case</word>
        <word pos="PUN">,</word>
        <word pos="AT0">the</word>
        <word pos="NN2">subjects</word>
        <word pos="VM0">will</word>
        <word pos="VBI">be</word>
        <word pos="VVN">added</word>
        <word pos="VM0">should</word>
        <word pos="XX0">n't</word>
        <word pos="VBI">be</word>
        <word pos="AJ0">difficult</word>
        <word pos="CJC">or</word>
        <word pos="AJ0">boring</word>
        <word pos="PUN">.</word>
        <word pos="AV0">So</word>
        <word pos="PNP">it</word>
        <word pos="VM0">should</word>
        <word pos="VBI">be</word>
        <word pos="AJ0">useful</word>
        <word pos="CJC">and</word>
        <word pos="AT0">the</word>
        <word pos="NN1">student</word>
        <word pos="VM0">will</word>
        <word pos="VVI">learn</word>
        <word pos="PNI">something</word>
        <word pos="AJ0">good</word>
        <word pos="PRP">by</word>
        <word pos="PNP">them</word>
        <word pos="PUN">.</word>
        <word pos="CJC">But</word>
        <word pos="CJS">if</word>
        <word pos="AT0">the</word>
        <word pos="AJ0">additional</word>
        <word pos="NN1">subject</word>
        <word pos="VM0">will</word>
        <word pos="VBI">be</word>
        <word pos="AJ0">difficult</word>
        <word pos="CJC">or</word>
        <word pos="AJ0">boring</word>
        <word pos="PUN">,</word>
        <word pos="AT0">the</word>
        <word pos="NN1">student</word>
        <word pos="VM0">will</word>
        <word pos="VDI">do</word>
        <word pos="XX0">n't</word>
        <word pos="VVI">like</word>
        <word pos="TO0">to</word>
        <word pos="VVI">study</word>
        <word pos="PNP">it</word>
        <word pos="PUN">.</word>
        <word pos="EX0">There</word>
        <word pos="VBB">are</word>
        <word pos="DT0">another</word>
        <word pos="AJ0">important</word>
        <word pos="NN1">point</word>
        <word pos="PUN">,</word>
        <word pos="DTQ">which</word>
        <word pos="VBZ">is</word>
        <word pos="AT0">the</word>
        <word pos="NN1">scoring</word>
        <word pos="PUN">.</word>
        <word pos="PRP">For</word>
        <word pos="DT0">this</word>
        <word pos="NN1">reason</word>
        <word pos="PNP">I</word>
        <word pos="VM0">will</word>
        <word pos="VVI">change</word>
        <word pos="DPS">my</word>
        <word pos="NN1">attitude</word>
        <word pos="PUN">,</word>
        <word pos="AT0">the</word>
        <word pos="NN2">marks</word>
        <word pos="PRP">for</word>
        <word pos="DT0">this</word>
        <word pos="NN2">subjects</word>
        <word pos="VM0">should</word>
        <word pos="VVI">add</word>
        <word pos="PRP">to</word>
        <word pos="AT0">the</word>
        <word pos="NN1">level</word>
        <word pos="PRF">of</word>
        <word pos="NN1">student</word>
        <word pos="XX0">not</word>
        <word pos="AT0">the</word>
        <word pos="AJ0">opposite</word>
        <word pos="PUN">.</word>
        <word pos="PNP">It</word>
        <word pos="VM0">should</word>
        <word pos="VHI">have</word>
        <word pos="AJ0">positive</word>
        <word pos="NN1">effect</word>
        <word pos="PRP">on</word>
        <word pos="AT0">the</word>
        <word pos="NN1">student</word>
        <word pos="PUN">,</word>
        <word pos="CJC">and</word>
        <word pos="DPS">their</word>
        <word pos="AJ0">academic</word>
        <word pos="NN1">level</word>
        <word pos="PUN">.</word>
        <word pos="PRP">At</word>
        <word pos="AT0">the</word>
        <word pos="NN1">end</word>
        <word pos="PUN">,</word>
        <word pos="AT0">the</word>
        <word pos="NN1">student</word>
        <word pos="VM0">should</word>
        <word pos="VVI">concentrate</word>
        <word pos="PRP">on</word>
        <word pos="DPS">their</word>
        <word pos="AJ0">basic</word>
        <word pos="NN2">subjects</word>
        <word pos="PUN">,</word>
        <word pos="CJC">and</word>
        <word pos="DT0">that</word>
        <word pos="VBZ">is</word>
        <word pos="PNP">it</word>
        </body>
      </text>
    </corpus>
  </root>
