<root>

  <corpus>
    <metadata>
    </metadata>
<text Faculty="Human Sciences" Semester="7" Age="21" Time_spent_at_an_EnglishSpeaking_country="X" Topic="Some people feel that legal age at which people can marry should be at least 21. To what extent do you agree or disagree?" Title="Some people feel that legal age at which people can marry should be at least 21 To what extent do you agree or disagree?">
<corpus><word pos="PNP">I </word><word pos="VVB">agree </word><word pos="PRP">with </word><word pos="DT0">this </word><word pos="NN1">age </word><word pos="PUN">. </word><word pos="DT0">This </word><word pos="VBZ">is </word><word pos="AJ0">important </word><word pos="NN1">issue </word><word pos="AV0">specially </word><word pos="PRP">for </word><word pos="NN2">women </word><word pos="CJC">and </word><word pos="PNP">they </word><word pos="VM0">can </word><word pos="VVI">complete </word><word pos="DPS">their </word><word pos="NN1">study </word><word pos="CJC">and </word><word pos="VVI">start </word><word pos="TO0">to </word><word pos="VVI">work </word><word pos="PRP">as </word><word pos="AT0">the </word><word pos="NN2">men </word><word pos="PUN">. </word><word pos="CJC">and </word><word pos="PRP">in </word><word pos="AT0">the </word><word pos="ORD">last </word><word pos="NN1">year </word><word pos="DT0">some </word><word pos="NN1">society </word><word pos="VVD">spread </word><word pos="AT0">the </word><word pos="AJ0">early </word><word pos="VVI">marry </word><word pos="CJC">and </word><word pos="DT0">this </word><word pos="VVD">made </word><word pos="AJ0">big </word><word pos="NN1">problem </word><word pos="CJC">and </word><word pos="AT0">the </word><word pos="NN1">society </word><word pos="VVB">become </word><word pos="AJ0">weak </word><word pos="PUN">. </word><word pos="PRP">in </word><word pos="DT0">this </word><word pos="NN1">year </word><word pos="CRD">2024 </word><word pos="AT0">the </word><word pos="NN2">women </word><word pos="VHZ">has </word><word pos="DPS">their </word><word pos="AJ0">free </word><word pos="PRP">to </word><word pos="VVN">decided </word><word pos="DTQ">what </word><word pos="AT0">the </word><word pos="NN1">time </word><word pos="PNP">they </word><word pos="VVB">want </word><word pos="TO0">to </word><word pos="NN1">marriage </word><word pos="AV0">also </word><word pos="PRP">in </word><word pos="DT0">this </word><word pos="NN1">age </word><word pos="AT0">the </word><word pos="NN2">women </word><word pos="CJC">and </word><word pos="NN2">men </word><word pos="DPS">their </word><word pos="NN1">mind </word><word pos="VBB">are </word><word pos="AJ0">complete </word><word pos="CJC">and </word><word pos="PNP">they </word><word pos="VM0">can </word><word pos="VVI">control </word><word pos="PRP">about </word><word pos="AT0">every </word><word pos="NN1">think </word><word pos="PRP">in </word><word pos="DPS">their </word><word pos="NN1">life </word><word pos="PUN">. </word><word pos="CJC">and </word><word pos="PRP">in </word><word pos="DT0">this </word><word pos="NN1">age </word><word pos="AT0">every </word><word pos="NN1">aspect </word><word pos="PRF">of </word><word pos="DPS">their </word><word pos="NN1">life </word><word pos="VM0">can </word><word pos="VBI">be </word><word pos="AJ0">clear </word><word pos="AV0">more </word><word pos="CJS">than </word><word pos="CJS">if </word><word pos="PNP">they </word><word pos="VBB">are </word><word pos="AJ0">young </word><word pos="PUN">. </word></corpus>

</text>
  </corpus>
  
</root>