<root>

  <corpus>
    <metadata>
    </metadata>
    <text Faculty="Human Sciences" Semester="4" Age="24" Time_spent_at_an_EnglishSpeaking_country="X" Topic="Describing a picture" Title="house for dog">
<corpus><word pos="NP0">Ali </word><word pos="VVG">making </word><word pos="NN1">house </word><word pos="PRP">to </word><word pos="DPS">his </word><word pos="NN1">dog </word><word pos="PUN">. </word><word pos="PNP">He </word><word pos="VVG">making </word><word pos="NN1">house </word><word pos="PRF">of </word><word pos="NN1">wood </word><word pos="PUN">. </word><word pos="DPS">my </word><word pos="NN1">dog </word><word pos="VBD">was </word><word pos="AJ0">happy </word><word pos="PRP">to </word><word pos="AT0">the </word><word pos="NN1">house </word></corpus>

</text>
  </corpus>
  
</root>