<?xml version='1.0' encoding='utf-8'?>
<root>
  <corpus>
    <text>
      <metadata>
        <Faculty>Human Sciences</Faculty>
        <Semester>6</Semester>
        <Age>21</Age>
        <Time_spent_at_an_EnglishSpeaking_country>X</Time_spent_at_an_EnglishSpeaking_country>
        <Topic>Eating at restaurants with your family is a good way to build family ties</Topic>
        <Title>Eating at restaurants with your family</Title>
        </metadata>
      <body>
        <word pos="VVG">Eating</word>
        <word pos="PRP">at</word>
        <word pos="NN2">restaurants</word>
        <word pos="PRP">with</word>
        <word pos="DPS">your</word>
        <word pos="NN1">family</word>
        <word pos="VBZ">is</word>
        <word pos="AT0">a</word>
        <word pos="AJ0">good</word>
        <word pos="NN1">way</word>
        <word pos="TO0">to</word>
        <word pos="VVI">build</word>
        <word pos="NN1">family</word>
        <word pos="NN2">ties</word>
        <word pos="PUN">.</word>
        <word pos="PNP">I</word>
        <word pos="VVB">think</word>
        <word pos="CJT">that</word>
        <word pos="VVG">eating</word>
        <word pos="AV0">together</word>
        <word pos="PRP">as</word>
        <word pos="AT0">a</word>
        <word pos="NN1">family</word>
        <word pos="VBZ">is</word>
        <word pos="VVZ">develops</word>
        <word pos="NN2">relationships</word>
        <word pos="PRP">with</word>
        <word pos="PNX">each</word>
        <word pos="PNX">other</word>
        <word pos="PUN">,</word>
        <word pos="CJC">and</word>
        <word pos="AV0">also</word>
        <word pos="PNP">it</word>
        <word pos="VBZ">is</word>
        <word pos="AT0">a</word>
        <word pos="AJ0">good</word>
        <word pos="NN2">opportunities</word>
        <word pos="TO0">to</word>
        <word pos="VVI">spend</word>
        <word pos="DT0">more</word>
        <word pos="NN1">time</word>
        <word pos="PRF">of</word>
        <word pos="AT0">the</word>
        <word pos="NN1">day</word>
        <word pos="PRP">with</word>
        <word pos="DPS">your</word>
        <word pos="NN1">family</word>
        <word pos="PUN">.</word>
        <word pos="PNP">I</word>
        <word pos="VVB">believe</word>
        <word pos="PRP">in</word>
        <word pos="VVG">eating</word>
        <word pos="AV0">together</word>
        <word pos="PRP">as</word>
        <word pos="AT0">a</word>
        <word pos="NN1">family</word>
        <word pos="VBZ">is</word>
        <word pos="VBG">being</word>
        <word pos="AJ0">able</word>
        <word pos="TO0">to</word>
        <word pos="VVI">communicate</word>
        <word pos="PRP">with</word>
        <word pos="PNX">each</word>
        <word pos="PNX">other</word>
        <word pos="PUN">.</word>
        <word pos="PRP">In</word>
        <word pos="DT0">another</word>
        <word pos="NN1">hand</word>
        <word pos="PUN">,</word>
        <word pos="PNP">I</word>
        <word pos="VVB">think</word>
        <word pos="AT0">a</word>
        <word pos="NN1">set</word>
        <word pos="PRP">with</word>
        <word pos="DPS">your</word>
        <word pos="NN1">family</word>
        <word pos="VVB">make</word>
        <word pos="PNP">you</word>
        <word pos="AJ0">happy</word>
        <word pos="CJC">and</word>
        <word pos="PRP">in</word>
        <word pos="AT0">a</word>
        <word pos="AJ0">good</word>
        <word pos="NN1">mood</word>
        <word pos="PUN">.</word>
        <word pos="PRP">in</word>
        <word pos="NN1">conclusion</word>
        <word pos="PUN">,</word>
        <word pos="AT0">the</word>
        <word pos="VVG">eating</word>
        <word pos="PRP">at</word>
        <word pos="AT0">a</word>
        <word pos="NN2">restaurants</word>
        <word pos="PRP">with</word>
        <word pos="NN1">family</word>
        <word pos="VBZ">is</word>
        <word pos="AT0">a</word>
        <word pos="AJ0">good</word>
        <word pos="NN1">way</word>
        <word pos="PRP">to</word>
        <word pos="AJ0">strong</word>
        <word pos="NN1">relationship</word>
        <word pos="PNX">each</word>
        <word pos="PNX">other</word>
        <word pos="PUN">.</word>
        </body>
      </text>
    </corpus>
  </root>
