<root>

  <corpus>
    <metadata>
    </metadata>
<text Faculty="Human Sciences" Semester="8" Age="24" Time_spent_at_an_EnglishSpeaking_country="none" Topic="What is the importance of family? " Title="Importance of family">
<corpus><word pos="AT0">The </word><word pos="NN1">family </word><word pos="VBZ">is </word><word pos="AV0">very </word><word pos="AJ0">important </word><word pos="PRP">for </word><word pos="DT0">any </word><word pos="NN2">persons </word><word pos="PRP">for </word><word pos="AT0">the </word><word pos="NN1">support </word><word pos="CJC">and </word><word pos="VVG">felling </word><word pos="AT0">the </word><word pos="NN1">love </word><word pos="CJC">and </word><word pos="NN1">happiness </word><word pos="CJC">and </word><word pos="DT0">All </word><word pos="AT0">the </word><word pos="NN2">persons </word><word pos="PRP">for </word><word pos="PRP">to </word><word pos="NN1">person </word><word pos="PUN">. </word><word pos="AT0">The </word><word pos="NN1">family </word><word pos="VBZ">is </word><word pos="AT0">the </word><word pos="NN1">support </word><word pos="PUN">, </word><word pos="NN2">loves </word><word pos="CJC">and </word><word pos="NN2">happies </word><word pos="CJC">and </word><word pos="DT0">all </word><word pos="AT0">the </word><word pos="NN2">families </word><word pos="VVD">depended </word><word pos="PRP">on </word><word pos="NN1">mother </word><word pos="CJC">and </word><word pos="NN1">father </word><word pos="PRP">for </word><word pos="VVI">make </word><word pos="AJ0">True </word><word pos="NN1">family </word><word pos="CJC">and </word><word pos="DT0">this </word><word pos="NN1">person </word><word pos="VVB">help </word><word pos="PNP">us </word><word pos="PNP">them </word><word pos="PRP">for </word><word pos="VVI">make </word><word pos="DT0">any </word><word pos="NN2">things </word><word pos="PRP">in </word><word pos="AT0">the </word><word pos="NN1">life </word><word pos="CJC">and </word><word pos="NN2">senses </word><word pos="NN1">self </word><word pos="PUN">. </word><word pos="AT0">The </word><word pos="NN1">family </word><word pos="VVB">give </word><word pos="PNP">me </word><word pos="AJ0">instructional </word><word pos="CJC">and </word><word pos="NN1">introduction 
</word><word pos="PRP">for </word><word pos="VVI">make </word><word pos="AJ0">happy </word><word pos="NN1">life </word><word pos="CJC">and </word><word pos="VVB">Take </word><word pos="DPS">my </word><word pos="NN1">hand </word><word pos="PRP">for </word><word pos="AJ0">true </word><word pos="NN1">way </word><word pos="CJC">and </word><word pos="VVB">support </word><word pos="PNP">me </word><word pos="PRP">for </word><word pos="NN1">reach </word><word pos="AT0">The </word><word pos="NN2">goals </word><word pos="CJC">and </word><word pos="NN1">success </word><word pos="PUN">. </word><word pos="DPS">My </word><word pos="NN1">father </word><word pos="PUN">, </word><word pos="NN1">mother </word><word pos="PUN">, </word><word pos="NN2">brothers </word><word pos="PUN">, </word><word pos="NN2">families </word><word pos="PNP">it </word><word pos="VBZ">is </word><word pos="DT0">all </word><word pos="VVB">make </word><word pos="DPS">my </word><word pos="NN1">love </word><word pos="CJC">and </word><word pos="VBD">were </word><word pos="AT0">the </word><word pos="NN1">color </word><word pos="PRF">of </word><word pos="NN2">lifes </word><word pos="PUN">. </word><word pos="AT0">The </word><word pos="NN1">family </word><word pos="AV0">very </word><word pos="AJ0">important </word><word pos="PRP">in </word><word pos="AT0">the </word><word pos="NN1">life </word><word pos="CJC">and </word><word pos="AT0">the </word><word pos="NN1">life </word><word pos="PRP">without </word><word pos="DT0">this </word><word pos="NN2">persons </word><word pos="AJ0">black </word><word pos="NN1">life </word><word pos="AV0">then </word><word pos="AT0">the </word><word pos="NN1">family </word><word pos="CJC">and </word><word pos="PNP">we </word><word pos="VVB">talk </word><word pos="DPS">my </word><word pos="NN1">husband </word><word pos="PNP">It </word><word pos="VBZ">'s </word><word pos="NN1">reality </word><word pos="PNP">he </word><word pos="VVB">make </word><word pos="AT0">the </word><word pos="NN1">life </word><word pos="PRP">for </word><word pos="PNP">me </word><word pos="CJC">and </word><word pos="PNP">he </word><word pos="VVB">work </word><word pos="CJC">and </word><word pos="VVN">broken </word><word pos="AT0">the </word><word pos="NN1">stone </word><word pos="PRP">for </word><word pos="VVB">make </word><word pos="PNP">me </word><word pos="CJC">and </word><word pos="PRP">for </word><word pos="DPS">my </word><word pos="NN1">daughter </word><word pos="AJ0">white </word><word pos="NN1">life </word><word pos="PUN">. </word><word pos="PNP">I </word><word 
pos="VM0">will </word><word pos="VVI">say </word><word pos="VVB">thank </word><word pos="PNP">you </word><word pos="PRP">for </word><word pos="AT0">every </word><word pos="NN1">person </word><word pos="PRP">in </word><word pos="DPS">my </word><word pos="NN1">life </word><word pos="CJC">and </word><word pos="VVB">give </word><word pos="PNP">me </word><word pos="NN1">support </word><word pos="CJC">and </word><word pos="NN2">advices </word><word pos="PRP">for </word><word pos="VVZ">helps </word><word pos="PNP">me </word><word pos="NN1">choice </word><word pos="AT0">the </word><word pos="AJ0">true </word><word pos="NN1">way </word><word pos="CJC">and </word><word pos="VVB">make </word><word pos="PUN">, </word><word pos="VVB">reach </word><word pos="DT0">all </word><word pos="AT0">the </word><word pos="NN2">goals </word><word pos="NN2">aims </word><word pos="PUN">, </word><word pos="NN1">success </word><word pos="PUN">. </word></corpus>

</text>
  </corpus>
  
</root>