<?xml version='1.0' encoding='utf-8'?>
<root>
  <corpus>
    <text>
      <metadata>
        <Faculty>Human Sciences</Faculty>
        <Semester>2</Semester>
        <Age>19</Age>
        <Time_spent_at_an_EnglishSpeaking_country>none</Time_spent_at_an_EnglishSpeaking_country>
        <Topic>Your best memory</Topic>
        <Title>Your best memory</Title>
        </metadata>
      <body>
        <word pos="AT0">The</word>
        <word pos="NN1">moment</word>
        <word pos="PRF">of</word>
        <word pos="NN1">childhood</word>
        <word pos="VBZ">is</word>
        <word pos="AT0">the</word>
        <word pos="AJS">best</word>
        <word pos="NN1">stage</word>
        <word pos="CJS">when</word>
        <word pos="PNP">you</word>
        <word pos="VVD">attended</word>
        <word pos="AJ0">elementary</word>
        <word pos="NN1">school</word>
        <word pos="CJC">and</word>
        <word pos="PNP">I</word>
        <word pos="VBD">was</word>
        <word pos="AT0">a</word>
        <word pos="AJ0">young</word>
        <word pos="NN1">child</word>
        <word pos="PUN">,</word>
        <word pos="AT0">a</word>
        <word pos="AJ0">cheerful</word>
        <word pos="NN1">child</word>
        <word pos="PUN">,</word>
        <word pos="CJC">and</word>
        <word pos="DT0">all</word>
        <word pos="DT0">this</word>
        </body>
      </text>
    </corpus>
  </root>
