<root>

  <corpus>
    <metadata>
    </metadata>
    <text Faculty="Human Sciences" Semester="6" Age="21" Time_spent_at_an_EnglishSpeaking_country="X" Topic="Studying philosophy can lead you to a happier and more peaceful existence" Title="Importance of Philosophy">
<corpus><word pos="DT0">Many </word><word pos="NN0">people </word><word pos="VVB">live </word><word pos="DPS">their </word><word pos="NN2">lives </word><word pos="PRP">without </word><word pos="NN1">purpose </word><word pos="PUN">. </word><word pos="NN1">Philosophy </word><word pos="NN2">studies </word><word pos="AT0">the </word><word pos="NN1">meaning </word><word pos="PRF">of </word><word pos="NN1">existence </word><word pos="PUN">; </word><word pos="DTQ">which </word><word pos="VBZ">is </word><word pos="AT0">the </word><word pos="AV0">most </word><word pos="AJ0">fundamental </word><word pos="NN1">thing </word><word pos="PRP">to </word><word pos="AJ0">human </word><word pos="NN1">being </word><word pos="PUN">. </word><word pos="VVG">Studying </word><word pos="NN1">philosophy </word><word pos="VM0">can </word><word pos="VVI">lead </word><word pos="PRP">to </word><word pos="AT0">a </word><word pos="AJC">happier </word><word pos="NN1">life </word><word pos="CJC">and </word><word pos="AV0">more </word><word pos="AJ0">peaceful </word><word pos="NN1">existence </word><word pos="PUN">, </word><word pos="DT0">this </word><word pos="VM0">could </word><word pos="VBI">be </word><word pos="PRP">for </word><word pos="DT0">some </word><word pos="NN2">reasons </word><word pos="PUN">: </word><word pos="CRD">One </word><word pos="NN1">reason </word><word pos="VBZ">is </word><word pos="CJT">that </word><word pos="CJS">as </word><word pos="VVN">known </word><word pos="DT0">that </word><word pos="NN1">philosophy </word><word pos="NN2">studies </word><word pos="AT0">the </word><word pos="NN1">nature </word><word pos="PRF">of </word><word pos="NN1">existence </word><word pos="PUN">, </word><word pos="DTQ">which </word><word pos="VBZ">is </word><word pos="AT0">the </word><word pos="AJ0">whole </word><word pos="NN1">world </word><word pos="CJC">and </word><word pos="CJS">if </word><word pos="AJ0">human </word><word pos="NN1">being </word><word pos="VVD">lived </word><word pos="PRP">without </word><word pos="NN1">purpose </word><word pos="AV0">then </word><word pos="PNP">he </word><word pos="VM0">'ll </word><word pos="VVI">feel </word><word pos="CJT">that </word><word pos="AT0">the </word><word pos="AJ0">whole </word><word pos="NN1">world </word><word pos="VBZ">is </word><word pos="PRP">in </word><word pos="DT0">some </word><word pos="NN1">way </word><word pos="VHG">having </word><word pos="NN1">purpose </word><word pos="TO0">to </word><word pos="VBI">be </word><word pos="DT0">more </word><word pos="CJS">than </word><word pos="PNP">him </word><word pos="CJC">or </word><word pos="CJT">that </word><word pos="PNP">he </word><word pos="VBZ">is </word><word pos="AJ0">useless </word><word pos="PUN">. </word><word pos="PRP">In </word><word pos="AJ0">other </word><word pos="NN1">reason </word><word pos="VBZ">is </word><word pos="CJT">that </word><word pos="CJS">if </word><word pos="AT0">the </word><word pos="NN1">person </word><word pos="VHD">had </word><word pos="VVN">found </word><word pos="AT0">the </word><word pos="NN1">reason </word><word pos="AVQ">why </word><word pos="PNP">he </word><word pos="VHD">had </word><word pos="VBN">been </word><word pos="VVN">created </word><word pos="AV0">then </word><word pos="PNP">he </word><word pos="VM0">will </word><word pos="VVI">devote </word><word 
pos="DPS">his </word><word pos="NN1">life </word><word pos="TO0">to </word><word pos="VVI">accomplish </word><word pos="DT0">that </word><word pos="NN1">purpose </word><word pos="CJC">and </word><word pos="PNP">he </word><word pos="VM0">will </word><word pos="VVI">live </word><word pos="AT0">a </word><word pos="AJ0">calm </word><word pos="NN1">life </word><word pos="CJS">because </word><word pos="EX0">there </word><word pos="VBB">are </word><word pos="DT0">many </word><word pos="NN0">people </word><word pos="PNQ">who </word><word pos="VVB">lack </word><word pos="NN1">purpose </word><word pos="CJC">and </word><word pos="NN1">hope </word><word pos="PNQ">whom </word><word pos="PNP">they </word><word pos="VVB">end </word><word pos="PUN">- </word><word pos="AVP">up </word><word pos="VVG">committing </word><word pos="NN1">suicide </word><word pos="PRP">as </word><word pos="PRP">well </word><word pos="PRP">as </word><word pos="DT0">many </word><word pos="AJ0">rich </word><word pos="NN0">people </word><word pos="PUN">. </word><word pos="AV0">Finally </word><word pos="PUN">, </word><word pos="NN1">philosophy </word><word pos="VVZ">teaches </word><word pos="AJ0">mental </word><word pos="NN2">lows </word><word pos="PUN">, </word><word pos="DTQ">which </word><word pos="VM0">can </word><word pos="VVI">benefit </word><word pos="DT0">some </word><word pos="NN2">specialties </word><word pos="PRP">such </word><word pos="PRP">as </word><word pos="NN1">literature </word><word pos="PUN">, 
</word><word pos="NN1">law </word><word pos="PUN">, </word><word pos="AV0">etc </word><word pos="PUN">. </word><word pos="TO0">To </word><word pos="VVI">conclude </word><word pos="PUN">, </word><word pos="VVG">studying </word><word pos="NN1">philosophy </word><word pos="VM0">can </word><word pos="VHI">have </word><word pos="AT0">a </word><word pos="AJ0">positive </word><word pos="NN1">impact </word><word pos="PRP">on </word><word pos="PNI">one </word><word pos="POS">'s </word><word pos="NN1">reality </word><word pos="CJC">and </word><word pos="NN1">life </word><word pos="VVG">leading </word><word pos="PNP">him </word><word pos="PRP">to </word><word pos="AT0">a </word><word pos="AJ0">purposeful </word><word pos="CJC">and </word><word pos="AJ0">hopeful </word><word pos="NN1">existence </word><word pos="PUN">. </word></corpus>

</text>
  </corpus>
  
</root>