<root>

  <corpus>
    <metadata>
    </metadata>
    <text Faculty="Human Sciences" Semester="2" Age="19" Time_spent_at_an_EnglishSpeaking_country="X" Topic="A special place" Title="A special place">
<corpus><word pos="PNP">I </word><word pos="VVB">like </word><word pos="NN1">place </word><word pos="AT0">the </word><word pos="NN1">sea </word><word pos="VBZ">is </word><word pos="AV0">very </word><word pos="AJ0">important </word><word pos="AJ0">late </word><word pos="PNP">me </word><word pos="PUN">, </word><word pos="VBZ">is </word><word pos="AJ0">nice </word><word pos="CJC">and </word><word pos="AJ0">special </word><word pos="AJ0">late </word><word pos="PNP">me </word><word pos="PUN">, </word><word pos="CJC">and </word><word pos="VVB">want </word><word pos="TO0">to </word><word pos="VVI">go </word><word pos="AT0">the </word><word pos="NN1">sea </word><word pos="PNP">me </word><word pos="CJC">and </word><word pos="NN2">friends </word><word pos="VBZ">is </word><word pos="AV0">very </word><word pos="AJ0">positive </word><word pos="CJC">and </word><word pos="VVB">go </word><word pos="PRP">to </word><word pos="AT0">every </word><word pos="NN1">day </word><word pos="PUN">. </word></corpus>
  
</text>
  </corpus>
  
</root>