<root>

  <corpus>
    <metadata>
    </metadata>
<text Faculty="Human Sciences" Semester="8" Age="22" Time_spent_at_an_EnglishSpeaking_country="none" Topic="What is the importance of family? " Title="Importance of family">
<corpus><word pos="AT0">The </word><word pos="NN1">family </word><word pos="VBZ">is </word><word pos="AT0">the </word><word pos="DT0">most </word><word pos="NN1">importance </word><word pos="NN1">thing </word><word pos="PRP">in </word><word pos="DPS">our </word><word pos="NN1">life </word></corpus>

</text>
  </corpus>
  
</root>