<root>

  <corpus>
    <metadata>
    </metadata>
    <text Faculty="Human Sciences" Semester="2" Age="20" Time_spent_at_an_EnglishSpeaking_country="9 years" Topic="Your best memory" Title="Your best memory">
<corpus><word pos="DPS">My </word><word pos="AJS">best </word><word pos="NN1">memory </word><word pos="VBZ">is </word><word pos="CJS">when </word><word pos="PNP">I </word><word pos="VVD">got </word><word pos="VVI">explore </word><word pos="CJC">and </word><word pos="VVI">travel </word><word pos="PRP">to </word><word pos="AJ0">different </word><word pos="NN2">countries </word><word pos="PNP">I </word><word pos="VHB">have </word><word pos="VVN">traveled </word><word pos="PRP">to </word><word pos="NP0">Tunisia </word><word pos="PUN">, </word><word pos="NP0">Turkey </word><word pos="CJC">and </word><word pos="NP0">france </word><word pos="PUN">. </word><word pos="PRP">During </word><word pos="DPS">my </word><word pos="NN2">travels </word><word pos="PNP">I </word><word pos="VVD">got </word><word pos="TO0">to </word><word pos="VVI">experience </word><word pos="DT0">many </word><word pos="AJ0">different </word><word pos="NN2">cultures </word><word pos="CJC">and </word><word pos="VVI">meet </word><word pos="AT0">a </word><word pos="NN1">lot </word><word pos="PRF">of </word><word pos="NN0">people </word><word pos="PUN">. </word><word pos="PNP">I </word><word pos="VHD">had </word><word pos="AV0">so </word><word pos="DT0">much </word><word pos="NN1">fun </word><word pos="VVG">getting </word><word pos="TO0">to </word><word pos="VVI">learn </word><word pos="PRP">about </word><word pos="AJ0">different </word><word pos="NN2">countries </word><word pos="PRP">in </word><word pos="AT0">the </word><word pos="NN1">world </word><word pos="PUN">. </word></corpus>
  
</text>
  </corpus>
  
</root>