<?xml version='1.0' encoding='utf-8'?>
<root>
  <corpus>
    <text>
      <metadata>
        <Faculty>Human Sciences</Faculty>
        <Semester>6</Semester>
        <Age>20</Age>
        <Time_spent_at_an_EnglishSpeaking_country>X</Time_spent_at_an_EnglishSpeaking_country>
        <Topic>Writing a diary is the best way to review how happy you are</Topic>
        <Title>Writing a diary is the best way to review how happy you are</Title>
        </metadata>
      <body>
        <word pos="PNP">I</word>
        <word pos="VVB">think</word>
        <word pos="DT0">this</word>
        <word pos="NN1">way</word>
        <word pos="VBZ">is</word>
        <word pos="AJ0">good</word>
        <word pos="TO0">to</word>
        <word pos="VVI">review</word>
        <word pos="AVQ">when</word>
        <word pos="PNP">you</word>
        <word pos="VBD">was</word>
        <word pos="AJ0">happy</word>
        <word pos="PRP">in</word>
        <word pos="CRD">one</word>
        <word pos="NN1">day</word>
        <word pos="VM0">may</word>
        <word pos="VBI">be</word>
        <word pos="PNP">we</word>
        <word pos="VVB">forget</word>
        <word pos="DT0">some</word>
        <word pos="AJ0">happy</word>
        <word pos="NN1">memory</word>
        <word pos="VBZ">is</word>
        <word pos="DPS">our</word>
        <word pos="AJ0">live</word>
        <word pos="CJC">so</word>
        <word pos="PNP">we</word>
        <word pos="VVB">need</word>
        <word pos="TO0">to</word>
        <word pos="VVI">review</word>
        <word pos="DT0">this</word>
        <word pos="NN1">memory</word>
        <word pos="AV0">then</word>
        <word pos="PNP">we</word>
        <word pos="VM0">can</word>
        <word pos="VVI">read</word>
        <word pos="PNP">it</word>
        <word pos="PRP">in</word>
        <word pos="AT0">a</word>
        <word pos="NN1">dairy</word>
        <word pos="CJC">and</word>
        <word pos="VVI">remember</word>
        <word pos="AVQ">how</word>
        <word pos="VBD">were</word>
        <word pos="VBB">are</word>
        <word pos="AJ0">happy</word>
        <word pos="CJC">and</word>
        <word pos="NN2">causes</word>
        <word pos="PRF">of</word>
        <word pos="NN1">happiness</word>
        <word pos="CJC">but</word>
        <word pos="DT0">some</word>
        <word pos="NN0">people</word>
        <word pos="VVB">think</word>
        <word pos="DT0">this</word>
        <word pos="NN1">way</word>
        <word pos="VBZ">is</word>
        <word pos="AJ0">bad</word>
        <word pos="CJC">and</word>
        <word pos="AJ0">trivial</word>
        <word pos="PUN">,</word>
        <word pos="CJC">and</word>
        <word pos="VVB">think</word>
        <word pos="PNP">they</word>
        <word pos="VDB">do</word>
        <word pos="XX0">n't</word>
        <word pos="VVI">need</word>
        <word pos="TO0">to</word>
        <word pos="VVI">write</word>
        <word pos="CJC">and</word>
        <word pos="VVI">read</word>
        <word pos="DPS">their</word>
        <word pos="NN1">dairy</word>
        <word pos="TO0">to</word>
        <word pos="VVI">review</word>
        <word pos="AVQ">how</word>
        <word pos="AJ0">happy</word>
        <word pos="PNP">they</word>
        <word pos="VBB">are</word>
        <word pos="CJC">and</word>
        <word pos="PNP">they</word>
        <word pos="VM0">can</word>
        <word pos="VVI">review</word>
        <word pos="DPS">their</word>
        <word pos="NN1">memory</word>
        <word pos="PRP">without</word>
        <word pos="VVI">write</word>
        <word pos="PNI">anything</word>
        <word pos="PUN">.</word>
        </body>
      </text>
    </corpus>
  </root>
