<?xml version='1.0' encoding='utf-8'?>
<root>
  <corpus>
    <text>
      <metadata>
        <Faculty>Human Sciences</Faculty>
        <Semester>2</Semester>
        <Age>19</Age>
        <Time_spent_at_an_EnglishSpeaking_country>none</Time_spent_at_an_EnglishSpeaking_country>
        <Topic>Your best memory</Topic>
        <Title>Your best memory</Title>
        </metadata>
      <body>
        <word pos="CJS">When</word>
        <word pos="DPS">my</word>
        <word pos="NN1">dad</word>
        <word pos="VVD">bought</word>
        <word pos="NN1">apple</word>
        <word pos="NN1">phone</word>
        <word pos="PUN">,</word>
        <word pos="CJS">when</word>
        <word pos="VVN">passed</word>
        <word pos="AJ0">high</word>
        <word pos="NN1">school</word>
        <word pos="PUN">.</word>
        <word pos="CJC">and</word>
        <word pos="PNP">I</word>
        <word pos="VVD">went</word>
        <word pos="PRP">to</word>
        <word pos="NP0">Tunisia</word>
        <word pos="PUN">,</word>
        <word pos="PNP">we</word>
        <word pos="VVD">went</word>
        <word pos="PRP">to</word>
        <word pos="AT0">the</word>
        <word pos="NP0">Sidi</word>
        <word pos="NP0">Bou</word>
        <word pos="NP0">Said</word>
        <word pos="PUN">.</word>
        <word pos="CJS">when</word>
        <word pos="PNP">I</word>
        <word pos="VVD">learnt</word>
        <word pos="NN1">language</word>
        <word pos="AJ0">English</word>
        <word pos="PUN">.</word>
        </body>
      </text>
    </corpus>
  </root>
