<root>

  <corpus>
    <metadata>
    </metadata>
    <text Faculty="Human Sciences" Semester="1" Age="19" Time_spent_at_an_EnglishSpeaking_country="none" Topic="hoppies" Title="hoppies">
<corpus><word pos="DPS">My </word><word pos="NN2">hobbies </word><word pos="VVG">reading </word><word pos="NN2">books </word><word pos="CJC">and </word><word pos="NN2">novels </word><word pos="AV0">so </word><word pos="AJ0">interesting </word><word pos="PUN">, </word><word pos="CJS">when </word><word pos="PNP">I </word><word pos="VVG">reading </word><word pos="CJC">and </word><word pos="VVG">writing </word><word pos="PRP">in </word><word pos="AT0">the </word><word pos="AJ0">free </word><word pos="NN1">time </word><word pos="PUN">. </word><word pos="DT0">All </word><word pos="NN2">hobbies </word><word pos="VBZ">is </word><word pos="NN1">love </word><word pos="NN1">thing </word><word pos="CJS">when </word><word pos="PNP">you </word><word pos="VVB">work </word></corpus>
  
</text>
  </corpus>
  
</root>