<?xml version='1.0' encoding='utf-8'?>
<root>
  <corpus>
    <text>
      <metadata>
        <Faculty>Human Sciences</Faculty>
        <Semester>2</Semester>
        <Age>18</Age>
        <Time_spent_at_an_EnglishSpeaking_country>none</Time_spent_at_an_EnglishSpeaking_country>
        <Topic>A special place</Topic>
        <Title>A special place/My house</Title>
        </metadata>
      <body>
        <word pos="DPS">My</word>
        <word pos="NN1">house</word>
        <word pos="VBZ">is</word>
        <word pos="AV0">very</word>
        <word pos="AJ0">big</word>
        <word pos="CJC">and</word>
        <word pos="AJ0">Beautiful</word>
        <word pos="PUN">,</word>
        <word pos="CJC">and</word>
        <word pos="VBZ">is</word>
        <word pos="NN1">center</word>
        <word pos="PUN">,</word>
        <word pos="CJC">and</word>
        <word pos="DPS">my</word>
        <word pos="NN1">house</word>
        <word pos="AJ0">old</word>
        <word pos="CJC">and</word>
        <word pos="PNP">I</word>
        <word pos="VVB">live</word>
        <word pos="PRP">with</word>
        <word pos="DPS">my</word>
        <word pos="NN1">family</word>
        <word pos="PUN">.</word>
        </body>
      </text>
    </corpus>
  </root>
