<root>

  <corpus>
    <metadata>
    </metadata>
    <text Faculty="Human Sciences" Semester="4" Age="22" Time_spent_at_an_EnglishSpeaking_country="X" Topic="Describing a picture" Title="Hassane and dog">
<corpus><word pos="PRP">In </word><word pos="AT0">the </word><word pos="NN1">morning </word><word pos="PUN">, </word><word pos="NP0">Hassan </word><word pos="VVB">go 
</word><word pos="PRP">to </word><word pos="NN1">garden </word><word pos="PRP">with </word><word pos="NN1">dog </word><word pos="TO0">to </word><word pos="VVI">bring 
</word><word pos="NN1">wood </word><word pos="TO0">to </word><word pos="VVI">build </word><word pos="DPS">his </word><word pos="NN1">home </word><word pos="PUN">. </word><word pos="AT0">The </word><word pos="NN1">dog </word><word pos="VBD">was </word><word pos="AV0">very </word><word pos="AJ0">happy </word><word pos="PRP">with </word><word pos="NP0">Hassan </word><word pos="CJC">and </word><word pos="PNP">they </word><word pos="VVB">build </word><word pos="AT0">the </word><word pos="NN1">home 
</word><word pos="CJC">And </word><word pos="PNP">he </word><word pos="VDD">did </word><word pos="XX0">n't </word><word pos="AJ0">tire </word><word pos="PUN">, </word><word pos="CJC">and </word><word pos="VVN">joined </word><word pos="CJS">when </word><word pos="AT0">the </word><word pos="NN1">dog </word><word pos="VBZ">is </word><word pos="AJ0">happy </word><word pos="PUN">. </word></corpus>

</text>
  </corpus>
  
</root>