<root>

  <corpus>
    <metadata>
    </metadata>
    <text Faculty="Human Sciences" Semester="2" Age="18" Time_spent_at_an_EnglishSpeaking_country="X" Topic="your best memory" Title="your best memore">
<corpus><word pos="AT0">The </word><word pos="AJS">best </word><word pos="NN1">memory </word><word pos="VBZ">is </word><word pos="PRP">in </word><word pos="NN1">school </word><word pos="PRP">with </word><word pos="DT0">all </word><word pos="DPS">my </word><word pos="NN2">friends </word><word pos="PRP">with </word><word pos="NN2">teachers </word><word pos="CJC">and </word><word pos="NN2">classes </word><word pos="PNP">I </word><word pos="VVB">love </word><word pos="NN1">school </word><word pos="AV0">most </word><word pos="NN1">college </word><word pos="CJS">because </word><word pos="PNP">I </word><word pos="VVB">love </word><word pos="NN2">places </word><word pos="VHB">have </word><word pos="NN1">control </word><word pos="AV0">specially </word><word pos="CJS">as </word><word pos="NN1">school </word><word pos="CJC">and </word><word pos="PNP">I </word><word pos="VVB">love </word><word pos="DPS">my </word><word pos="NN2">memories </word><word pos="PRP">with </word><word pos="AJS">best 
</word><word pos="PRF">of </word><word pos="AJS">best </word><word pos="CJC">and </word><word pos="AJS">best </word><word pos="NN1">friend </word><word pos="PNP">she 
</word><word pos="VBZ">is </word><word pos="DPS">my </word><word pos="NN1">sister </word><word pos="XX0">not </word><word pos="AV0">just </word><word pos="NN1">friend </word><word pos="CJC">and </word><word pos="AV0">also </word><word pos="CJS">when </word><word pos="VVD">went </word><word pos="PRP">to </word><word pos="NP0">misrata </word><word pos="NN1">city </word><word pos="VBD">was </word><word pos="ORD">first </word><word pos="NN1">time </word><word pos="VVD">went </word><word pos="PRP">to </word><word pos="PNP">her </word><word pos="CJC">and </word><word pos="PNP">I </word><word pos="VVD">liked </word><word pos="CJC">and </word><word pos="DPS">my </word><word pos="NN2">memories </word><word pos="VBZ">is </word><word pos="DT0">few </word><word pos="PNP">I </word><word pos="VVB">forget </word><word pos="AV0">now </word><word pos="PUN">. </word></corpus>
  
</text>
  </corpus>
  
</root>