<root>

  <corpus>
    <metadata>
    </metadata>
    <text Faculty="Human Sciences" Semester="2" Age="19" Time_spent_at_an_EnglishSpeaking_country="none" Topic="A special place" Title="My house">
<corpus><word pos="DPS">My </word><word pos="NN1">house </word><word pos="VBZ">is </word><word pos="AJ0">beautiful </word><word pos="PUN">. </word><word pos="PNP">It 
</word><word pos="VVZ">contains </word><word pos="CRD">two </word><word pos="NN2">bedrooms </word><word pos="PUN">, </word><word pos="CRD">one </word><word pos="NN1">kitchen </word><word pos="PUN">, </word><word pos="CRD">two </word><word pos="NN2">bathrooms </word><word pos="CJC">and </word><word pos="CRD">two </word><word pos="VVG">sitting </word><word pos="NN2">rooms </word><word pos="PUN">. </word><word pos="PNP">I </word><word pos="VVB">like </word><word pos="DPS">my </word><word pos="NN1">house </word><word pos="AT0">a </word><word pos="NN1">lot </word><word pos="PUN">. </word><word pos="PNP">It </word><word pos="VBZ">'s </word><word pos="AT0">the </word><word pos="AJS">best </word><word pos="NN1">place </word><word pos="PRP">for </word><word pos="PNP">me </word><word pos="PUN">. </word></corpus>

</text>
  </corpus>
  
</root>