<root>

  <corpus>
    <metadata>
    </metadata>
    <text Faculty="Human Sciences" Semester="6" Age="20" Time_spent_at_an_EnglishSpeaking_country="X" Topic="Eating at restaurants with your family is a good way to build family ties" Title="............">
<corpus><word pos="VVG">Eating </word><word pos="PRP">at </word><word pos="NN2">restaurants </word><word pos="PRP">with </word><word pos="DPS">your </word><word pos="NN1">family </word><word pos="VHB">have </word><word pos="DT0">many </word><word pos="NN1">advantage </word><word pos="PUN">. </word><word pos="AT0">The </word><word 
pos="ORD">first </word><word pos="NN1">advantage </word><word pos="VBZ">is </word><word pos="AJ0">good </word><word pos="NN1">way </word><word pos="VVI">build </word><word pos="NN1">family </word><word pos="NN2">ties </word><word pos="PUN">. </word><word pos="NN1">example </word><word pos="PUN">; </word><word pos="VVG">eating </word><word pos="PRP">at </word><word pos="NN2">restaurants </word><word pos="PRP">in </word><word pos="CRD">two </word><word pos="NN1">day </word><word pos="PRF">of </word><word pos="DT0">all </word><word pos="NN2">weeks </word><word pos="PUN">. </word><word pos="AT0">The </word><word pos="ORD">second </word><word pos="NN1">advantage </word><word pos="NN1">family </word><word pos="VVB">feel </word><word pos="AJ0">happy </word><word pos="CJS">when </word><word pos="PNP">They </word><word pos="VVB">spend </word><word pos="NN1">time </word><word pos="PRP">with </word><word pos="PNX">each </word><word pos="PNX">other </word><word pos="PUN">. </word><word pos="AT0">The </word><word pos="ORD">third </word><word pos="NN1">advantage </word><word pos="NN1">family </word><word pos="PRP">like </word><word pos="VVG">eating </word><word pos="PRP">at </word><word pos="NN2">restaurants </word><word pos="PRP">with </word><word pos="PNX">each </word><word pos="PNX">other </word><word pos="AJC">better </word><word pos="CJS">than </word><word pos="AJ0">other </word><word pos="PUN">. </word><word pos="NN1">Conclusion </word><word pos="VVG">eating </word><word pos="PRP">at </word><word pos="NN2">restaurants </word><word pos="PRP">with </word><word pos="DPS">your </word><word pos="NN1">family </word><word pos="VVZ">tends </word><word pos="PRP">to </word><word pos="AJ0">strong </word><word pos="AJ0">related </word><word pos="PRP">with </word><word pos="NN1">family </word><word pos="PUN">, </word><word pos="VVB">feel </word><word pos="AJ0">happy </word><word pos="CJC">and </word><word pos="AJ0">strong </word><word pos="AJ0">related </word><word pos="PRP">with </word><word pos="PNX">each </word><word pos="PNX">other </word><word pos="PUN">. </word><word pos="NN1">Conclusion </word><word pos="VVG">eating </word><word pos="PRP">at </word><word pos="NN2">restaurants </word><word pos="PRP">with </word><word pos="NN1">family </word><word pos="VHB">have </word><word pos="DT0">many </word><word pos="PRF">of </word><word pos="AJ0">distinctive </word><word pos="PUN">. </word></corpus>

</text>
  </corpus>
  
</root>