<root>

  <corpus>
    <metadata>
    </metadata>
<text Faculty="Human Sciences" Semester="7" Age="21" Time_spent_at_an_EnglishSpeaking_country="X" Topic="Some University students want to learn about other subjects. In addition to their main subjects. Others believe it is more important to give all their time and attention to studying for a qualification. Discuss both these views and give your own opinion." Title="..............">
<corpus><word pos="VVG">Studying </word><word pos="PRP">at </word><word pos="NN1">university </word><word pos="VVZ">includes </word><word pos="AJ0">different </word><word pos="NN2">types </word><word pos="PRP">for </word><word pos="VVG">studying </word><word pos="PUN">. </word><word pos="DT0">Some </word><word pos="NN2">students </word><word pos="VVB">like </word><word pos="TO0">to </word><word pos="VVI">learn </word><word pos="AV0">generally </word><word pos="PUN">, </word><word pos="PNP">they </word><word pos="VVB">learn </word><word pos="PRP">about </word><word pos="DPS">their </word><word pos="AJ0">main </word><word pos="NN2">subjects </word><word pos="PUN">. </word><word pos="AV0">In </word><word pos="AV0">addition </word><word pos="PUN">, </word><word pos="PNP">they </word><word pos="VVB">learn </word><word pos="PRP">about </word><word pos="AJ0">other </word><word pos="NN2">subjects </word><word 
pos="PUN">. </word><word pos="DT0">Those </word><word pos="NN2">students </word><word pos="VBB">are </word><word pos="VVN">opened </word><word pos="TO0">to </word><word pos="VVI">study </word><word pos="CJC">and </word><word pos="VVI">learn </word><word pos="AJ0">different </word><word pos="NN1">extent </word><word pos="PRF">of </word><word pos="VVG">learning </word><word pos="NN1">process </word><word pos="PUN">, </word><word pos="TO0">to </word><word pos="VVI">get </word><word pos="AJ0">new </word><word pos="CJC">and </word><word pos="AJ0">different </word><word pos="NN2">experiences </word><word pos="AV0">as </word><word pos="AV0">well </word><word pos="AV0">as </word><word pos="TO0">to </word><word pos="VVI">improve </word><word pos="DPS">their </word><word pos="DT0">own </word><word pos="NN1">knowledge </word><word pos="PUN">, </word><word pos="CJC">and </word><word pos="VVI">give </word><word pos="DPS">their </word><word pos="NN2">minds </word><word pos="AT0">the </word><word pos="NN1">flexibility </word><word pos="PRF">of </word><word pos="NN1">thinking </word><word pos="CJC">and </word><word pos="VVG">working </word><word pos="PRP">on </word><word pos="DT0">more </word><word pos="CJS">than </word><word pos="AV0">only </word><word pos="AT0">the </word><word pos="NN1">subject </word><word pos="PNP">they </word><word pos="VVB">study </word><word pos="AV0">now </word><word pos="PUN">. </word><word pos="DT0">This </word><word pos="NN1">type </word><word pos="PRF">of </word><word pos="NN2">students </word><word pos="VBB">are </word><word pos="AJ0">hard-working </word><word pos="CJC">and </word><word pos="VVB">want </word><word pos="TO0">to </word><word pos="VVI">experience </word><word pos="AJ0">new </word><word pos="NN2">fields </word><word pos="PUN">. </word><word pos="EX0">There </word><word pos="VBB">are </word><word pos="AJ0">other </word><word pos="NN1">type </word><word pos="PRF">of </word><word pos="NN2">students </word><word pos="PUN">, </word><word pos="AT0">the </word><word pos="NN2">students </word><word pos="PNQ">who </word><word pos="VVG">studying </word><word pos="PRP">for </word><word pos="AT0">a </word><word pos="NN1">qualification </word><word pos="PUN">. </word><word pos="PNP">They </word><word pos="VVB">focus </word><word pos="AV0">only </word><word pos="PRP">on </word><word pos="AT0">the </word><word pos="NN2">degrees </word><word pos="CJC">and </word><word pos="NN2">marks </word><word pos="PUN">. </word><word pos="AV0">So </word><word pos="PUN">, </word><word pos="PNP">they </word><word pos="VVB">give </word><word pos="DT0">all </word><word pos="DPS">their </word><word pos="NN1">time </word><word pos="CJC">and </word><word pos="NN1">attention </word><word pos="TO0">to </word><word pos="VVI">study </word><word pos="DT0">this </word><word pos="PUN">. </word><word pos="PNP">They </word><word pos="VVB">want </word><word pos="AV0">only </word><word pos="TO0">to </word><word pos="VVI">pass </word><word pos="CJC">and </word><word pos="VBI">be </word><word pos="AJ0">successful </word><word pos="NN2">students </word><word pos="PUN">, </word><word pos="CJS">after </word><word pos="VVI">finish </word><word pos="DPS">their </word><word pos="VVG">studying </word><word pos="PNP">they </word><word pos="VM0">can </word><word pos="VVI">learn </word><word pos="CJC">and </word><word pos="VVI">get </word><word pos="DT0">more </word><word pos="NN1">knowledge </word><word pos="PUN">. </word><word pos="PRP">In </word><word pos="DPS">my </word><word pos="NN1">opinion </word><word pos="PUN">, </word><word pos="PNP">I </word><word pos="VVB">think </word><word pos="AT0">the </word><word pos="ORD">first </word><word pos="NN1">type </word><word pos="PRF">of </word><word pos="NN2">students </word><word pos="VBZ">is </word><word pos="AJC">better </word><word pos="PUN">, </word><word pos="CJS">because </word><word pos="PNP">it </word><word pos="VBZ">'s </word><word pos="AJ0">nice </word><word pos="TO0">to </word><word pos="VVI">get </word><word pos="AT0">a </word><word pos="AJ0">new </word><word pos="NN1">experience </word><word pos="PRP">in </word><word pos="AJ0">different </word><word pos="NN2">fields </word><word pos="PRF">of </word><word pos="NN1">knowledge </word><word pos="PUN">. </word></corpus>

</text>
  </corpus>
  
</root>