<root>

  <corpus>
    <metadata>
    </metadata>
    <text Faculty="Human Sciences" Semester="2" Age="20" Time_spent_at_an_EnglishSpeaking_country="X" Topic="A special place" Title="The house">
<corpus><word pos="AT0">The </word><word pos="NN1">house </word><word pos="VBZ">is </word><word pos="AJ0">big </word><word pos="PUN">. </word><word pos="CJC">and </word><word pos="NN1">color </word><word pos="AJ0">brown </word><word pos="EX0">There </word><word pos="VBB">are </word><word pos="CRD">two </word><word pos="NN1">room </word><word pos="CJC">and </word><word pos="NN1">kitchen </word><word pos="CJC">and </word><word pos="NN1">dining </word><word pos="NN1">room </word><word pos="CJC">and </word><word pos="NN1">toilet </word></corpus>

</text>
  </corpus>
  
</root>