<?xml version='1.0' encoding='utf-8'?>
<root>
  <corpus>
    <text>
      <metadata>
        <Faculty>Human Sciences</Faculty>
        <Semester>2</Semester>
        <Age>19</Age>
        <Time_spent_at_an_EnglishSpeaking_country>X</Time_spent_at_an_EnglishSpeaking_country>
        <Topic>Your best memory</Topic>
        <Title>your best memory</Title>
        </metadata>
      <body>
        <word pos="DPS">My</word>
        <word pos="AJS">best</word>
        <word pos="NN1">memory</word>
        <word pos="PRP">in</word>
        <word pos="ORD">first</word>
        <word pos="NN1">day</word>
        <word pos="PRP">at</word>
        <word pos="NN1">college</word>
        <word pos="AT0">An</word>
        <word pos="AJ0">unforgettable</word>
        <word pos="NN1">experience</word>
        <word pos="PRP">in</word>
        <word pos="DPS">my</word>
        <word pos="NN1">life</word>
        <word pos="VBD">was</word>
        <word pos="PRP">in</word>
        <word pos="NN1">college</word>
        <word pos="ORD">first</word>
        <word pos="PUN">,</word>
        <word pos="DPS">my</word>
        <word pos="ORD">first</word>
        <word pos="NN1">day</word>
        <word pos="PRP">at</word>
        <word pos="NN1">college</word>
        <word pos="VBD">was</word>
        <word pos="AT0">a</word>
        <word pos="AV0">very</word>
        <word pos="AJ0">good</word>
        <word pos="NN1">day</word>
        <word pos="PUN">.</word>
        <word pos="PNP">I</word>
        <word pos="VVD">went</word>
        <word pos="PRP">to</word>
        <word pos="NN1">college</word>
        <word pos="AV0">early</word>
        <word pos="TO0">to</word>
        <word pos="VVI">find</word>
        <word pos="DPS">my</word>
        <word pos="NN1">classroom</word>
        <word pos="CJC">and</word>
        <word pos="VVI">learn</word>
        <word pos="PRP">about</word>
        <word pos="AT0">the</word>
        <word pos="NN1">college</word>
        <word pos="NN1">building</word>
        <word pos="PUN">.</word>
        <word pos="ORD">Second</word>
        <word pos="PUN">,</word>
        <word pos="PNP">I</word>
        <word pos="VVD">met</word>
        <word pos="AJ0">new</word>
        <word pos="NN2">students</word>
        <word pos="PUN">,</word>
        <word pos="CJC">and</word>
        <word pos="PNP">we</word>
        <word pos="VVD">talked</word>
        <word pos="PRP">about</word>
        <word pos="AT0">a</word>
        <word pos="AJ0">new</word>
        <word pos="NN2">teachers</word>
        <word pos="PRP">after</word>
        <word pos="DT0">that</word>
        <word pos="PUN">,</word>
        <word pos="PNP">I</word>
        <word pos="VHB">have</word>
        <word pos="VVN">gained</word>
        <word pos="AV0">so</word>
        <word pos="DT0">many</word>
        <word pos="AJ0">valuable</word>
        <word pos="PNP">I</word>
        <word pos="NN2">lessons</word>
        <word pos="PRP">in</word>
        <word pos="AV0">very</word>
        <word pos="AJ0">short</word>
        <word pos="NN1">time</word>
        <word pos="PUN">.</word>
        <word pos="AV0">Finally</word>
        <word pos="PUN">,</word>
        <word pos="PNP">I</word>
        <word pos="VVD">made</word>
        <word pos="AV0">so</word>
        <word pos="DT0">many</word>
        <word pos="AJ0">good</word>
        <word pos="NN2">friends</word>
        <word pos="PRP">at</word>
        <word pos="NN1">college</word>
        <word pos="PUN">.</word>
        </body>
      </text>
    </corpus>
  </root>
